id,year,y,dynamic_y,x,control,treated,post,region,invariant
0,2010,3.4194606899844002,4.698277526399687,2.6047644512711616,1.6517192541205914,1,0,B,1.0442553112781758
0,2011,1.56262866666164,3.480002525369093,0.9611137102409462,0.10269877578052237,1,0,B,1.0442553112781758
0,2012,0.5857909988091965,2.2573577649853442,-0.6778415654942794,0.9534199261774895,1,0,B,1.0442553112781758
0,2013,1.4844561944553232,2.2359479689323987,0.11461528518110718,-0.055438587852322856,1,0,B,1.0442553112781758
0,2014,0.45561518392609845,0.7635276051047971,-1.1744269529390226,-0.20678551712813806,1,0,B,1.0442553112781758
0,2015,0.5509152303991287,1.558558579123609,-0.4796492808801906,0.07401857819641933,1,0,B,1.0442553112781758
0,2016,3.7304200437987163,4.525836303495374,0.924439720041584,2.5657459238282407,1,1,B,1.0442553112781758
0,2017,1.164203958404412,2.2165006031105383,-0.8350258670569876,-1.8869447142921763,1,1,B,1.0442553112781758
0,2018,1.9752700428848606,1.599503710913751,-0.7653967250582431,0.5254761240967125,1,1,B,1.0442553112781758
0,2019,3.1430608630311747,1.75418671056935,1.160195961377344,-0.5304763030118971,1,1,B,1.0442553112781758
0,2020,2.2798302935272914,3.1994596598547265,-0.7575338973682483,1.7581237010972375,1,1,B,1.0442553112781758
0,2021,3.6803003320461842,4.341641164758842,1.1877724243271415,0.6952813535849803,1,1,B,1.0442553112781758
1,2010,-1.251329699783343,-0.9885595695300601,-0.8665373197637101,-1.1325315396333517,1,0,A,-0.3829766570514436
1,2011,-0.5286472698225391,-1.7068961930632005,-0.3109699316615691,-1.2070076913469967,1,0,A,-0.3829766570514436
1,2012,0.8022532993171829,-0.15250236593753005,1.402502750482614,-0.8085296092875642,1,0,A,-0.3829766570514436
1,2013,-1.8399037269419394,-1.1982310134497953,-2.0805096395314853,1.5865133758483887,1,0,A,-0.3829766570514436
1,2014,0.09098731474795996,-1.6594098214194961,0.9581272101452655,-1.26886017436118,1,0,A,-0.3829766570514436
1,2015,-0.9962796980481909,-2.120480374944152,-1.5111062970406341,0.4589688753306228,1,0,A,-0.3829766570514436
1,2017,1.4762694091008346,0.04498767071488324,0.41468762574553863,-0.913628551888688,1,1,A,-0.3829766570514436
1,2018,0.3697784102426111,-1.21738868384958,-1.0501778452134443,-0.7036731250914782,1,1,A,-0.3829766570514436
1,2019,1.2386248219922635,-1.0724758380005883,-0.6400704302076637,2.021694897138355,1,1,A,-0.3829766570514436
1,2020,1.2607856702106461,-0.7908990480578872,-0.8692631751286166,0.9857740936182072,1,1,A,-0.3829766570514436
1,2021,0.6905322395000006,-0.9265797098149076,-0.7812679885609,1.2892556467569922,1,1,A,-0.3829766570514436
2,2010,1.0659105525553962,1.1170400622820646,1.1546094576477852,1.3508673097709076,1,0,B,0.20833903191820172
2,2012,1.5212799644072932,0.7075215679327105,0.8407820737824213,0.7895317091629529,1,0,B,0.20833903191820172
2,2013,0.22009767186443668,1.166938199772233,-0.9069459195330601,1.1141228795513896,1,0,B,0.20833903191820172
2,2014,1.052830995944096,2.1529611173894425,1.1526293793721785,-0.9311247582027059,1,0,B,0.20833903191820172
2,2016,3.4211433414714634,2.310437980807171,2.077877897498641,0.10326869611003618,1,1,B,0.20833903191820172
2,2017,2.527817003780841,1.9591601358967514,-0.0713231258005911,0.22526502629702702,1,1,B,0.20833903191820172
2,2018,3.0828053370011346,2.691610910354332,1.4304881735867698,-1.3539625403649387,1,1,B,0.20833903191820172
2,2020,1.8062343681703823,0.9733030229960147,-0.25231413223455323,0.274566643512106,1,1,B,0.20833903191820172
2,2021,3.185449691846218,1.6251249927865616,1.3707364126681643,-2.2823419661173863,1,1,B,0.20833903191820172
3,2011,-1.6919437290074721,-0.15230690609483744,-1.8250248051064657,-1.8898857403275813,1,0,A,0.4913932254562673
3,2013,1.3388963140598267,2.439135857654583,0.7068053732969145,1.0459012007210176,1,0,A,0.4913932254562673
3,2015,1.3515775382296045,2.21609538892749,1.1966877227627148,0.16894525400737642,1,0,A,0.4913932254562673
3,2016,1.2497823089535611,1.108384354655412,-1.5639644010066358,1.3048024981630284,1,1,A,0.4913932254562673
3,2017,4.2316626653094005,3.1339122679000124,2.140109521290221,-0.05484820434040329,1,1,A,0.4913932254562673
3,2018,3.2401583321107204,3.552192870833639,0.815757790466774,-0.17537820364864207,1,1,A,0.4913932254562673
3,2019,2.055350111491393,1.9036126537828157,-1.1123502001257406,1.4309987149467556,1,1,A,0.4913932254562673
3,2020,2.402639713673026,2.630047143878364,0.7173184767278709,-0.2479803952644914,1,1,A,0.4913932254562673
3,2021,2.8607248330931223,0.8706786863403037,-0.4485258971663695,-0.3623903812385397,1,1,A,0.4913932254562673
4,2010,1.9373124672671147,2.10589780737489,1.6172308151408825,2.279051950011952,1,0,B,0.14398405614088436
4,2011,-0.537268342360046,0.8084647345115841,-0.4062976020665437,-0.5496419012391055,1,0,B,0.14398405614088436
4,2012,-0.24326141010805502,1.298616423343254,0.8400032318412249,1.2609741655840507,1,0,B,0.14398405614088436
4,2013,-0.10952323683833243,1.136680952935239,0.4089477913055645,-0.0835050316464286,1,0,B,0.14398405614088436
4,2015,1.3162330301041196,0.3425728239372944,1.291618800681485,-0.47003600201250334,1,0,B,0.14398405614088436
4,2018,2.6997289068116315,-0.10404360450385053,0.07129357004572102,-0.32622739272324935,1,1,B,0.14398405614088436
4,2020,2.2114553536645754,0.8184662641574416,-0.403048983544242,0.4535541576302124,1,1,B,0.14398405614088436
4,2021,3.7438137637137743,2.2337439944044433,0.6066736223196695,1.1071471481996662,1,1,B,0.14398405614088436
5,2010,0.8652537841109473,-1.1818775426219996,1.055328588153021,0.10971828255438228,1,0,A,-0.07201284348172904
5,2011,0.6059126866237925,-1.0219164028493868,0.7341984875460456,0.11012470756155132,1,0,A,-0.07201284348172904
5,2012,0.1652987174039061,1.0517743577001415,-0.1775087647993794,0.08380390725771744,1,0,A,-0.07201284348172904
5,2013,0.5261629361673885,0.2453561435822249,-0.011877250848962165,1.1503770328691987,1,0,A,-0.07201284348172904
5,2015,-0.9995081757131231,-2.1911093632488954,-1.720692619504265,-0.20778155449468863,1,0,A,-0.07201284348172904
5,2016,0.6354611147541049,-1.707117265716313,-1.4996048626321996,-0.8308463788775512,1,1,A,-0.07201284348172904
5,2018,3.231084745417717,1.9392570380214984,2.470666559088128,-0.08493137192568861,1,1,A,-0.07201284348172904
5,2019,1.355301294857685,0.847279858365602,-0.326162973163244,-0.997207333720935,1,1,A,-0.07201284348172904
5,2020,1.9936450797813248,-0.0507298996949902,-0.46518889630387283,0.26483860520661207,1,1,A,-0.07201284348172904
5,2021,0.845766623500793,-1.056955790142055,-0.7370812195010916,-0.26980470107114213,1,1,A,-0.07201284348172904
6,2010,2.2920156433242536,2.7095748954902903,1.7542131703620072,0.5355772808542172,1,0,B,1.1295045923878662
6,2011,1.1695233025280394,1.9571881506874445,-0.5358701452045089,0.6874902172428078,1,0,B,1.1295045923878662
6,2012,0.454924715053144,-0.3262029707188008,-1.283764516850775,-1.2370374908668424,1,0,B,1.1295045923878662
6,2013,0.9417648838455728,0.5630127583643799,-0.4280550673964731,-1.3688009490663144,1,0,B,1.1295045923878662
6,2014,1.1911852831653542,-0.08136176198329809,-1.6714520877008772,-0.45499695853129124,1,0,B,1.1295045923878662
6,2015,1.03919879332987,0.04295144119422167,-0.8114436484002371,-0.0497831208390195,1,0,B,1.1295045923878662
6,2016,1.5328798246760313,-0.6902705872704091,-2.2267375317875313,-0.6985852552548495,1,1,B,1.1295045923878662
6,2017,3.1987405766822956,2.0730590793068355,0.7059757911280303,0.03931358440737208,1,1,B,1.1295045923878662
6,2018,1.8720789346066065,2.5088263718085795,-0.7404731545143947,1.3189789736388489,1,1,B,1.1295045923878662
6,2021,2.021450774396894,0.6796176769737186,-0.18361659443076772,-1.611835205169057,1,1,B,1.1295045923878662
7,2010,-0.4140570822234683,0.3124312411723522,0.18249011740649013,0.43436388374737533,1,0,A,0.08101410122021764
7,2011,0.5327105352689325,1.8298868957077568,0.5624846524754267,-0.24629342671660315,1,0,A,0.08101410122021764
7,2012,-1.0300117800920334,0.006050108774111218,-0.6580093848374805,-0.9314150847149424,1,0,A,0.08101410122021764
7,2013,-0.8587071568214619,-1.9706443235449902,-1.731767523062199,-0.2807352565647139,1,0,A,0.08101410122021764
7,2015,0.7115043685457603,1.2486720215028968,-0.34910994925659994,0.20103393159618216,1,0,A,0.08101410122021764
7,2017,0.5370921166201709,-1.0733410701457597,-1.094027659942144,-0.4886171896892651,1,1,A,0.08101410122021764
7,2018,1.3943947603093283,-0.32268450284063505,-0.47230084819359064,-1.4029347249810256,1,1,A,0.08101410122021764
7,2019,2.1121136072536024,0.888341343717989,-0.13206505137685437,-0.6842242681809819,1,1,A,0.08101410122021764
7,2020,2.750655010421139,1.6695424305090938,0.440313305034972,1.1465441516692345,1,1,A,0.08101410122021764
7,2021,1.6533290693308818,1.1347474866395646,-0.31532971395119724,-0.20988443517496,1,1,A,0.08101410122021764
8,2010,-1.5328702677286254,-0.3502877176952931,-0.13732865770286765,-0.8655508587142383,1,0,B,-0.29427846575747507
8,2011,-0.11985429586559387,-0.20753723518955916,0.4676228549011887,-1.6265719156521288,1,0,B,-0.29427846575747507
8,2013,0.18926337841622098,-0.9620505969301085,-0.6485602313252687,-0.20918529628028726,1,0,B,-0.29427846575747507
8,2014,0.2930325914878079,-0.11176899807681462,0.05313814968616773,-0.7919592667248132,1,0,B,-0.29427846575747507
8,2015,-1.2675883783606536,-0.7044168627996263,-1.2658063225719898,-2.593082533285158,1,0,B,-0.29427846575747507
8,2016,2.377746076546332,0.06575313995641707,1.4739068307558125,-0.0796183103428125,1,1,B,-0.29427846575747507
8,2017,-0.4708720285873217,-2.1390635359633627,-2.80723765959291,-0.39029306751845055,1,1,B,-0.29427846575747507
8,2018,1.2664694301237738,-1.318051380765412,-0.045959546527421326,0.2426680687980397,1,1,B,-0.29427846575747507
8,2019,3.145823899761281,-0.007527473696941116,1.161329667532178,-0.5009360428075628,1,1,B,-0.29427846575747507
9,2010,-1.4189779020020339,-2.3956342053794786,-2.0609383332472304,-1.7897273795922906,1,0,A,-0.22016255669292742
9,2011,-0.7767312808273954,-2.104215825724992,-1.9325548508193566,-0.7042146862711932,1,0,A,-0.22016255669292742
9,2013,0.10275847834332835,-1.0970055677417592,0.43211747247799337,-0.6000347748082294,1,0,A,-0.22016255669292742
9,2014,0.26061836594175064,-0.8581684412621138,-0.15301905080048833,0.3871507713504207,1,0,A,-0.22016255669292742
9,2015,2.496042554116375,2.026361896313921,1.972249878806911,0.15757163927409515,1,0,A,-0.22016255669292742
9,2016,1.0957020228844436,1.4415289907246502,0.3027501917878462,-0.6048365155912211,1,1,A,-0.22016255669292742
9,2017,0.977557911608603,0.3210390058033725,-0.8432972176442224,0.15456996647094493,1,1,A,-0.22016255669292742
9,2018,0.8597152944365366,-1.065808192782612,-1.5759194156092404,0.2166923081223501,1,1,A,-0.22016255669292742
9,2019,0.9739984252263783,0.11771604255161155,0.20888407521104435,0.4285304870115331,1,1,A,-0.22016255669292742
9,2020,1.6718165610241822,-0.7896952638247472,-1.5903863979990973,-0.11759028042962888,1,1,A,-0.22016255669292742
10,2010,-0.7289366020277431,0.22378174253598693,0.006427832771706101,-1.4052222798946308,1,0,B,-0.16681170563039044
10,2011,0.426642993718302,-0.27362754243812737,0.5984387868534798,1.7558476631083473,1,0,B,-0.16681170563039044
10,2012,-1.7806402688264842,-0.24065313981856995,-1.0881200111336018,-0.6509580198489449,1,0,B,-0.16681170563039044
10,2013,-0.8802409204705453,-0.7183311066139151,-0.6745121380223028,0.09376596624246558,1,0,B,-0.16681170563039044
10,2014,-0.5547052285190297,0.07431296429553624,-0.4508507057235725,1.0738286269758057,1,0,B,-0.16681170563039044
10,2016,1.1800581487000121,0.4186492982223055,0.8985091340634214,-0.9110571971013591,1,1,B,-0.16681170563039044
10,2017,1.547188923093319,0.3854863211899079,0.4939086560237986,0.14475119462037744,1,1,B,-0.16681170563039044
10,2018,1.2250209509307752,0.8895187991080675,-0.4229019792298101,0.5899774502856235,1,1,B,-0.16681170563039044
10,2019,0.8696036067906985,0.19732567934238765,-1.3856427533914024,0.31424111922447673,1,1,B,-0.16681170563039044
10,2021,1.976791345352246,1.6994375805620772,0.6504515439874325,-0.9718991130823824,1,1,B,-0.16681170563039044
11,2010,-0.6680133333625623,-1.5550189289496714,-0.038143137868241535,1.2995528485599064,1,0,A,-0.7106070524718503
11,2012,-0.6535298234525059,-1.5192218019029682,-0.2492754457988504,0.8482704569239009,1,0,A,-0.7106070524718503
11,2013,1.9098884602356245,0.8331505663248948,3.305410591290488,-0.5184222594892473,1,0,A,-0.7106070524718503
11,2014,-0.5171815654920625,-0.22576822274675196,-0.3282124146677013,0.6830208654083696,1,0,A,-0.7106070524718503
11,2015,1.6206657171933792,0.5317912511129677,1.7336603253353615,-0.30428609757713365,1,0,A,-0.7106070524718503
11,2016,2.428675219180422,0.1521949206476792,0.9631745412070729,-0.5706677817060737,1,1,A,-0.7106070524718503
11,2017,0.3445965187698477,-1.3770423299142314,-0.5122766021610896,0.32300899734736277,1,1,A,-0.7106070524718503
11,2018,0.7769919758987154,-1.8700143257262356,-0.2811223624679583,-0.08920762724947441,1,1,A,-0.7106070524718503
11,2019,1.7508050294476987,-1.1647130245425728,0.47613675233103403,0.10936937832157473,1,1,A,-0.7106070524718503
11,2020,3.612532212757541,0.32863775166801656,2.3513256321104565,2.0359858153329773,1,1,A,-0.7106070524718503
11,2021,1.1406000637212157,-0.5478139602605621,-0.8765290332416907,0.2517845820921165,1,1,A,-0.7106070524718503
12,2010,-1.2181673857965731,1.6030333154599208,-0.8376958742383211,0.8273916750267655,1,0,B,0.13719830521858398
12,2011,2.574089882896011,1.5441432564312363,2.2673627016929196,-0.3019619360368788,1,0,B,0.13719830521858398
12,2012,-0.2419177907470903,-0.4984352985910886,-1.7240793148156008,1.042193822037736,1,0,B,0.13719830521858398
12,2013,-0.12465582035797207,1.0049098217576624,0.5611910694268878,-1.322759544707994,1,0,B,0.13719830521858398
12,2014,0.9214742530363973,2.0242693577625808,1.1730204884640623,-1.1954552972343584,1,0,B,0.13719830521858398
12,2015,0.9563484599112215,-0.17269923656240516,-0.025890691733110555,-0.20804494791872674,1,0,B,0.13719830521858398
12,2016,0.2571295672955147,-0.36272723201269663,-0.8209451833452356,0.18214546087693315,1,1,B,0.13719830521858398
12,2019,2.2894654964690346,-0.8118742194599059,-0.28529705128755084,-1.239398240570773,1,1,B,0.13719830521858398
12,2020,3.342834147385196,0.4134998978069525,0.6765143519657475,-0.015791791139499814,1,1,B,0.13719830521858398
12,2021,2.806955460920412,1.9087845303501152,0.6810607209821827,1.4975572353464206,1,1,B,0.13719830521858398
13,2011,-0.8907146218613167,0.24399877260953814,-1.129584177885551,-0.7968203238323258,1,0,A,0.5953558439107609
13,2012,0.01710727306400428,0.07662871658427717,-1.7820275578890492,0.4003487557808798,1,0,A,0.5953558439107609
13,2013,-0.01028306060208417,0.6759089659872035,-0.24910535647607632,0.02594761787476104,1,0,A,0.5953558439107609
13,2014,0.8412820240213097,0.8319862885817445,-0.6550699816900395,0.8777723988776652,1,0,A,0.5953558439107609
13,2015,1.3681575827843102,2.6780559121319962,0.8550751587704617,0.22829096028851137,1,0,A,0.5953558439107609
13,2016,5.2299390178617235,4.053385341380141,2.6631224124691877,-0.6310662890012911,1,1,A,0.5953558439107609
13,2017,2.483610444345794,2.994208966186277,0.21173787287638368,-1.963625317834877,1,1,A,0.5953558439107609
13,2019,1.9564122488238374,1.3744302127149643,-0.3959321826846474,-0.3285527443102376,1,1,A,0.5953558439107609
13,2020,2.8625258574819474,1.3677603563252003,-0.6381089762136614,0.26265896185183657,1,1,A,0.5953558439107609
13,2021,3.555107377027171,1.0154102258742679,1.2792391212273493,0.9208493872061662,1,1,A,0.5953558439107609
14,2012,1.0653540527368373,1.016488263233877,0.5580688689711808,-0.21907132394273418,1,0,B,0.21037519162154952
14,2013,0.15003668335841336,-0.40408055025298983,-1.1716023509887652,-1.1418711070600285,1,0,B,0.21037519162154952
14,2014,0.08953664813806678,1.1820925772871884,-0.0371082045683613,0.3066381029085644,1,0,B,0.21037519162154952
14,2015,1.1465742444168834,1.930251348669677,0.9759033361280105,-0.8126012011216219,1,0,B,0.21037519162154952
14,2016,1.9977476808441648,2.7763616973515526,1.2271757094279263,1.7153199183513101,1,1,B,0.21037519162154952
14,2017,-0.1372574540704754,1.2361321357973767,-1.5843256467643048,-0.12115586991401736,1,1,B,0.21037519162154952
14,2018,2.82278393831439,1.7281693953815456,0.5950574516063702,-2.160419732116673,1,1,B,0.21037519162154952
14,2019,2.377946473948347,1.7395460029953782,0.7771607666517192,-0.07746960150453518,1,1,B,0.21037519162154952
14,2020,1.669233695995517,1.4075554483584793,-0.655111497494096,0.43073160404164423,1,1,B,0.21037519162154952
14,2021,2.8255829768649328,1.3413473320732616,0.4147719564514387,-0.43827647873068004,1,1,B,0.21037519162154952
15,2010,0.29957087593950693,0.3616735875054672,-0.04393663465865326,1.6533170372795052,1,0,A,-0.11703663376354113
15,2011,-0.3275034946187487,-1.09182170813756,0.05608053991229388,-1.8550461129213907,1,0,A,-0.11703663376354113
15,2012,-0.3847452334163536,-1.13283706719344,-0.15497901547051385,-0.8395504156926159,1,0,A,-0.11703663376354113
15,2013,1.3514165746678626,0.3572805789538617,1.1272052221666407,0.9969866189832249,1,0,A,-0.11703663376354113
15,2014,-0.6048554736947218,-0.41557559140070627,-0.8272258938424842,-0.19090395944028704,1,0,A,-0.11703663376354113
15,2015,0.053500644255461735,0.7543009813590805,-0.7134880792558351,2.0532764049244956,1,0,A,-0.11703663376354113
15,2016,2.3471880599828125,0.8148360585113694,0.05020876493771876,0.3845103545223026,1,1,A,-0.11703663376354113
15,2017,1.7735420194824105,-1.0651240616191644,-0.722654720850556,0.57833758002746,1,1,A,-0.11703663376354113
15,2018,2.1596009977285346,-0.16863678537997284,0.24193889388325565,0.36355769221633816,1,1,A,-0.11703663376354113
15,2019,1.2452787861108854,0.7434162850518153,-0.41635318049865977,1.140504588949082,1,1,A,-0.11703663376354113
15,2020,0.9782913877698184,0.8822175792131688,0.16912159568125493,-1.9067129722038147,1,1,A,-0.11703663376354113
15,2021,3.214856912987161,1.5251121019784315,1.3798719597202134,0.7248588532079551,1,1,A,-0.11703663376354113
16,2010,-2.4156473743873863,-1.1152704173414991,-1.0758531003570042,-0.8284503930930349,1,0,B,-0.9124168179602209
16,2011,-0.6574368256380525,-1.2523129179268278,-0.5194867206697114,0.4649106485698015,1,0,B,-0.9124168179602209
16,2012,0.5367647847730584,0.08034433467257318,1.2806125937132924,0.11377401727705,1,0,B,-0.9124168179602209
16,2013,-0.25545371914302495,-0.8736584162918376,0.08586763122667498,-0.3549504223079198,1,0,B,-0.9124168179602209
16,2014,-0.6519429138464141,-0.9966814066122704,0.4905916098600656,-1.0535617770502355,1,0,B,-0.9124168179602209
16,2016,0.9555598141988915,-0.5283096730711592,-0.18215400728820358,1.075276925024273,1,1,B,-0.9124168179602209
16,2017,0.7084971832207662,-1.6166651441983029,-0.12283779904130453,-0.566603116104797,1,1,B,-0.9124168179602209
16,2018,-0.8327813854109538,-3.7346301948567575,-2.1884376850455944,-0.1277891684590037,1,1,B,-0.9124168179602209
16,2020,0.3885865606500523,-2.026337665091995,-0.33225039359725894,-0.6466011873247625,1,1,B,-0.9124168179602209
16,2021,3.2224900471403566,-0.00037277887807268817,2.3098275587790105,1.2935391159914502,1,1,B,-0.9124168179602209
17,2011,-0.21908646706275847,0.3369836382312078,-0.6010031081541323,0.7734607586986548,1,0,A,0.05996740536374474
17,2012,-0.4646548854683297,0.6086070314030548,-0.2044259061044984,-0.14726130029555098,1,0,A,0.05996740536374474
17,2013,-1.1607137925115874,0.04762116306413117,-0.7702642517500338,0.04480630213591669,1,0,A,0.05996740536374474
17,2015,2.739551847710475,2.1223457011453086,2.0527281589264783,1.2584274720619275,1,0,A,0.05996740536374474
17,2016,0.04261863119766485,1.175398766721012,-0.9285434919641274,-1.211540851459819,1,1,A,0.05996740536374474
17,2017,2.889195726134255,2.091897168728196,0.6677875832510468,0.4060589874172057,1,1,A,0.05996740536374474
17,2018,1.705976089051374,1.2991113973521133,-0.7010673026342747,1.4243762976052299,1,1,A,0.05996740536374474
17,2020,2.3299933864504583,0.06955363072726417,0.11422029107392746,-0.5937173534645088,1,1,A,0.05996740536374474
17,2021,1.5699714014899828,0.25339368037587573,-1.58300685007259,0.7596463341212057,1,1,A,0.05996740536374474
18,2010,0.7509645370632888,1.8580645333136165,0.39055206124470154,-2.2435132588940125,1,0,B,0.11397653066981646
18,2012,0.7193280299490028,0.09685188821025426,-0.2722347714722465,-0.514959424962638,1,0,B,0.11397653066981646
18,2013,0.23872986144601271,0.5783199798054874,1.3918652327360796,-2.461030369323208,1,0,B,0.11397653066981646
18,2014,-0.07063451493746203,-1.8158610636136587,-0.9658058604607409,-1.3615541573856662,1,0,B,0.11397653066981646
18,2015,2.4115355814802752,0.7859595854665885,1.4752982389583404,0.24985789242102222,1,0,B,0.11397653066981646
18,2017,1.3640393701119822,0.6293956306017771,-1.2278029594008764,0.6175267985019947,1,1,B,0.11397653066981646
18,2018,3.087273456739358,1.181182911595949,1.107089290259466,-0.16550233329786496,1,1,B,0.11397653066981646
18,2021,3.254528107123535,0.7294291358631456,0.8446996491115842,1.2342577010242883,1,1,B,0.11397653066981646
19,2010,0.35927477505528804,-0.03327587358483469,-0.3061545484034126,-1.1721347181360982,1,0,A,0.528414530930044
19,2011,1.533167236991097,1.1731453578365194,0.6968227938298555,1.2044835155875573,1,0,A,0.528414530930044
19,2012,3.070270898275703,3.1475435912268868,3.4405671568776452,-0.8073024556635763,1,0,A,0.528414530930044
19,2013,0.9924605377094418,1.8472032012688866,-0.018389839281306473,-1.2628492316392599,1,0,A,0.528414530930044
19,2015,0.9585486190342726,0.3424153185356046,-0.6169187136442962,0.3615761130399579,1,0,A,0.528414530930044
19,2016,2.8718423494652052,-0.4812767456788203,-0.007037603729026813,-0.8610206942942151,1,1,A,0.528414530930044
19,2017,2.434431504430652,1.170115620017755,0.04425487714742455,-0.25072871953052706,1,1,A,0.528414530930044
19,2018,1.6666612919433552,0.5766277531349603,-1.086864148960041,0.8516176802156042,1,1,A,0.528414530930044
19,2019,1.9885553900945672,1.6493805949452156,-0.18991090883136463,-0.07375406259034589,1,1,A,0.528414530930044
19,2020,2.430385579710822,1.9996386847904069,-1.0337218954565648,2.506526646335007,1,1,A,0.528414530930044
19,2021,2.2985106786114224,1.2788961113266368,-0.11808464079010948,0.3388735115538492,1,1,A,0.528414530930044
20,2010,-0.4417082258779804,0.722176538217253,-0.4452859119955137,1.4218317456818934,1,0,B,0.2770198421116162
20,2011,-0.9443122794251515,0.6585100450292138,-1.0114787345327114,0.4809414390219681,1,0,B,0.2770198421116162
20,2012,0.5497076941297705,0.12696856642949483,0.5617233895191975,-0.9336625979810803,1,0,B,0.2770198421116162
20,2013,0.9924229823443003,1.0399931517831535,0.3822568748196755,0.49985697932766654,1,0,B,0.2770198421116162
20,2015,1.266018822228362,1.1640679716397748,1.0095524126737623,-0.9697049347776849,1,0,B,0.2770198421116162
20,2016,1.920662276662024,-1.030213322745249,0.01533738260924104,-1.5271121047964842,1,1,B,0.2770198421116162
20,2017,1.2091076084073291,-0.39292103573694004,-1.120112948603325,-0.6127405813159937,1,1,B,0.2770198421116162
20,2018,1.9858360809541558,-0.940225158658093,-0.6750513677730654,0.1571740363592248,1,1,B,0.2770198421116162
20,2020,2.8073126471883425,-0.44481113833301955,-0.2711137279789458,-1.2099792792200543,1,1,B,0.2770198421116162
20,2021,1.786831089794297,-0.8620984660508246,-0.4049049791123061,0.3496628011419184,1,1,B,0.2770198421116162
21,2011,-0.7733221262458234,-0.9083998750049309,0.045819090306909484,-0.06882498417090492,1,0,A,-0.6248585230530121
21,2012,-0.0774216863807613,-0.04856535101858646,1.4770682251583676,0.3526956293255202,1,0,A,-0.6248585230530121
21,2013,-0.8640587639713099,-0.22634919038474216,-0.0436169626458607,0.8610521311485231,1,0,A,-0.6248585230530121
21,2015,-0.757990240252705,-2.421588862613365,-0.7575224398409771,0.5013455413345955,1,0,A,-0.6248585230530121
21,2016,0.0765748684634146,-3.574134710064381,-2.033510308704531,-0.20185743677871446,1,1,A,-0.6248585230530121
21,2018,1.7539442159284244,-1.1535025859831012,1.3542520717161346,-0.43901041215435405,1,1,A,-0.6248585230530121
21,2019,1.208500888938932,-0.3093949574326157,-0.3424788995154975,0.5979360294170047,1,1,A,-0.6248585230530121
21,2020,1.5434657932195215,-0.8273789759654295,-0.04890117899460467,1.8751340487107735,1,1,A,-0.6248585230530121
21,2021,1.0070025002676988,-1.2747742218977862,-1.067803832838766,0.2102717941236537,1,1,A,-0.6248585230530121
22,2010,0.36957904058141994,0.33779441591113085,0.8088075188884292,0.4018717644810415,1,0,B,-0.1506554979268682
22,2011,-0.846712318067336,-0.13027522878070819,-0.7762043411091826,0.2503313439744978,1,0,B,-0.1506554979268682
22,2012,-0.5545894921854558,-0.48743052557574007,-0.44978021503367155,1.8905199736600613,1,0,B,-0.1506554979268682
22,2013,0.5811198102518822,-0.28311331582310306,0.46513816884246656,-1.0209423608264332,1,0,B,-0.1506554979268682
22,2015,0.9570673217818346,-0.5331292598450897,0.249073423132856,0.14219092191140328,1,0,B,-0.1506554979268682
22,2016,2.830070576992381,-0.2469838212610772,0.7856926498706764,1.6614125319176587,1,1,B,-0.1506554979268682
22,2017,2.5657165349472106,0.5524521288236854,0.7386175021289301,-0.5068850155972153,1,1,B,-0.1506554979268682
22,2020,1.92406035551156,1.0270568713984183,-0.7699585057269418,0.6630160177753968,1,1,B,-0.1506554979268682
22,2021,1.4935320051984016,0.6429721498886585,-0.35832484865200237,0.971713063194285,1,1,B,-0.1506554979268682
23,2010,-0.945450259665407,-2.0961889634779687,-0.3575193229131131,-1.041648383754362,1,0,A,-0.42073432663112037
23,2012,-1.4863217451079587,-1.7258782142767128,0.4849796492549808,-1.8447849499859112,1,0,A,-0.42073432663112037
23,2013,0.29509259962048073,-0.20022952228371405,0.4807083724685166,-0.6036950345989903,1,0,A,-0.42073432663112037
23,2014,0.51551766450845,-0.4622146641319565,0.6809569073003064,0.6241816770619585,1,0,A,-0.42073432663112037
23,2015,0.11899136885845474,-0.42679387257051865,-0.6452290249027528,0.7748510304583724,1,0,A,-0.42073432663112037
23,2016,0.5400487276714802,-1.3017045330623824,-1.8718938746162945,1.0138213508412062,1,1,A,-0.42073432663112037
23,2020,1.8175823464787348,-0.2661872898330295,1.357224134460966,-0.16043908869502502,1,1,A,-0.42073432663112037
24,2010,0.4185268773076612,0.6646262714154677,0.6843373992899621,-0.5151834552114312,1,0,B,-0.18650877069996216
24,2011,-1.3796873057058698,-1.0254767748788496,-1.3175202132819477,-1.6215259081981592,1,0,B,-0.18650877069996216
24,2012,0.7199611526514471,1.4893380126280849,1.4241285429038493,0.6989730322197163,1,0,B,-0.18650877069996216
24,2013,-0.424701759356394,1.4649622582523207,-0.9500483349474754,1.9102284815400963,1,0,B,-0.18650877069996216
24,2014,0.8462693403933181,1.2657787033005,0.7445693132684946,0.3383919643689945,1,0,B,-0.18650877069996216
24,2015,2.5816767325802124,1.2534294874563026,2.851832771624813,0.9077561700301622,1,0,B,-0.18650877069996216
24,2016,2.5156965862423886,1.142066292857375,0.013077976571573986,0.7876019345331118,1,1,B,-0.18650877069996216
24,2017,1.3709999735347242,-0.010345541241815054,-0.3563984940320829,-0.7413778429278858,1,1,B,-0.18650877069996216
24,2018,2.8084061773575106,1.073457108757962,0.231298516978555,1.1726356546137278,1,1,B,-0.18650877069996216
24,2020,2.922143433703641,1.5797008245803876,1.0675387270690995,0.661269149604967,1,1,B,-0.18650877069996216
24,2021,2.3380867592784944,0.9318570721649513,-0.9364601635931721,0.5361305099178943,1,1,B,-0.18650877069996216
25,2010,0.5190997457294173,1.289900933475729,-0.3231748727724546,1.258536099077249,1,0,A,0.5878842715071863
25,2011,0.6757764729029528,2.0462432066289673,-0.23112466258253236,0.13685265092968754,1,0,A,0.5878842715071863
25,2012,0.9481180858257032,2.4788144349419663,0.9066993073865128,-0.7866808311610958,1,0,A,0.5878842715071863
25,2013,-0.09571109487669138,2.1735030506520827,-1.6639569312798537,1.0299575189955381,1,0,A,0.5878842715071863
25,2014,-1.000997008616273,-0.4841553621319874,-1.6699300566051394,-0.022513969166555126,1,0,A,0.5878842715071863
25,2015,0.5605052169334805,-0.761500045922697,-1.074994471671444,-0.49144154719002797,1,0,A,0.5878842715071863
25,2016,1.5711800989389448,-0.5660503065575031,-1.1245884309819458,0.9395575118694536,1,1,A,0.5878842715071863
25,2017,3.8508713606192266,0.653836791512229,0.6691446086884572,0.5140496977020212,1,1,A,0.5878842715071863
25,2018,3.758406863956293,1.5164270522772425,1.0060545215865442,-0.8068470937846747,1,1,A,0.5878842715071863
25,2019,1.901430452162427,2.657285024307865,0.48852766557384386,-1.031656353766476,1,1,A,0.5878842715071863
25,2021,2.1921428463554817,1.502252089365763,-0.5222041780916532,-0.25179333353169403,1,1,A,0.5878842715071863
26,2010,-0.2516363299535335,-1.1757068178940755,-0.17380949980573054,-1.0326767998745576,1,0,B,-0.20466552506065905
26,2011,-0.3405430947559971,-0.5678837479585576,0.37540118472637557,-0.7568963480857092,1,0,B,-0.20466552506065905
26,2012,0.698787351582802,-0.15833814209453223,1.1668078959334678,1.5220659854332999,1,0,B,-0.20466552506065905
26,2013,0.07796705875202531,-0.006487642775451552,-0.11796568424901265,0.13612064825965578,1,0,B,-0.20466552506065905
26,2014,2.1632751946824067,0.28060756003965237,0.6922371290281452,0.4305354587587268,1,0,B,-0.20466552506065905
26,2015,-1.8928645992758089,-1.2015559922579022,-2.0143279851892295,1.335554426284321,1,0,B,-0.20466552506065905
26,2016,0.7254782597179552,-0.7027772841930249,-0.12832730109602564,-1.9822223714359732,1,1,B,-0.20466552506065905
26,2017,1.9281777259267354,-0.4552710084405233,-0.6520105996515919,0.18349198557426463,1,1,B,-0.20466552506065905
26,2018,1.3229897667685522,-0.6136716056807997,-0.49228506770157243,1.6510099202204453,1,1,B,-0.20466552506065905
26,2019,3.2388281583308354,0.7029729402271507,0.5639451033425119,-0.10575393247233925,1,1,B,-0.20466552506065905
26,2020,3.0517010823998656,2.2751765689351977,1.4298701949245791,1.0512624366193428,1,1,B,-0.20466552506065905
26,2021,2.1394999734281708,1.0173105425397575,-0.39334660279055805,0.7070615563906959,1,1,B,-0.20466552506065905
27,2010,0.6324566756623269,0.6778973201391032,0.14963451898442887,2.057100665022108,1,0,A,0.2638333636281902
27,2011,0.9969521534242551,1.1480688966040553,1.2345428017735391,0.5049617834979422,1,0,A,0.2638333636281902
27,2012,1.6714003514303628,1.2050387637688713,1.1026509537234435,-0.07620336276870908,1,0,A,0.2638333636281902
27,2013,-1.3371501097480216,-0.3053066759471564,-1.0476094921264065,-0.49453323884853473,1,0,A,0.2638333636281902
27,2014,0.17555414393229923,0.22820230116033513,-1.0359485394242813,0.1291103974630092,1,0,A,0.2638333636281902
27,2015,0.7176323381806093,-0.0035176514077874532,-0.860729944284549,0.7857230459067234,1,0,A,0.2638333636281902
27,2016,1.4019422471032923,0.6154581545667956,-0.7533405529330185,-0.8691645662100927,1,1,A,0.2638333636281902
27,2017,1.7828485452603045,0.4695608775923741,0.3956669184344436,-1.7558501260951873,1,1,A,0.2638333636281902
27,2018,1.8093483371072985,0.4314233298404948,-0.5788694130919401,-0.22359341317599554,1,1,A,0.2638333636281902
27,2019,1.4726057379851083,1.8563027447410767,0.6464690051662894,-1.133720035273154,1,1,A,0.2638333636281902
27,2020,1.163505310544004,1.3085800893452215,-1.4360569351370287,1.3137296803538248,1,1,A,0.2638333636281902
27,2021,2.162630382362034,1.664302607920785,0.05055073992943901,-0.11190539335911412,1,1,A,0.2638333636281902
28,2010,-1.4341843312767701,-2.8267122690920896,-2.3971753626945485,-0.47527848327576067,1,0,B,0.04691270485610566
28,2012,-0.48173264181675646,0.04598994226878478,-0.553128652893184,1.9647930649543595,1,0,B,0.04691270485610566
28,2013,0.6549638928530935,0.49434260648390965,0.46406210082024474,-0.046581230507296546,1,0,B,0.04691270485610566
28,2014,-0.9745271705668258,0.4367879093209349,-0.48121071981611224,-0.5799498514188924,1,0,B,0.04691270485610566
28,2015,1.0236699863103782,0.7672408542053302,-0.22275849405473272,-0.3952760312091958,1,0,B,0.04691270485610566
28,2016,1.3797607419316935,0.49886084674436476,-0.6895360693516027,1.5915403166106081,1,1,B,0.04691270485610566
28,2017,2.3874267244062497,0.21077719921540983,0.2447798285332957,-1.0242356159661727,1,1,B,0.04691270485610566
28,2018,2.4378617176951907,-0.37160430982572806,-0.8811618141429118,0.6932794868456972,1,1,B,0.04691270485610566
28,2019,0.6123804431710826,-1.4602405736080235,-1.08945161181351,-1.3377316405553312,1,1,B,0.04691270485610566
28,2020,4.185836582987304,0.7403057665458873,1.644684183076876,1.6280148146794935,1,1,B,0.04691270485610566
28,2021,1.6349784352499677,0.8727847808297978,0.043626857640458296,1.619165861307933,1,1,B,0.04691270485610566
29,2010,-1.6133166417611162,-3.0297057216051257,-0.6399432742720682,-2.7315379531279773,1,0,A,-0.5916359183272589
29,2011,-1.0493746070320846,-2.525314381274727,-1.4576992952560024,1.587750819643998,1,0,A,-0.5916359183272589
29,2012,1.135952293655441,-1.0645100876632547,1.6599518058389102,1.2745758364187751,1,0,A,-0.5916359183272589
29,2013,-1.349101444704446,-1.879402225004996,-1.1182281227675521,-0.9524124689517921,1,0,A,-0.5916359183272589
29,2014,-0.09965663129229671,0.5472491908144016,0.6136657703047521,-0.12272142515657655,1,0,A,-0.5916359183272589
29,2015,0.377021554645497,-0.7259471726827831,-0.40190810843314395,0.006789217460660173,1,0,A,-0.5916359183272589
29,2016,3.157047521323908,0.2576586677292506,1.7400454688140214,0.3052899801868557,1,1,A,-0.5916359183272589
29,2017,1.3886361010425519,-1.6225493907211288,0.2548097458283907,0.6782075022408334,1,1,A,-0.5916359183272589
29,2018,1.6350425256418144,-0.7566635780347185,0.026341154122265155,-1.087383049021431,1,1,A,-0.5916359183272589
29,2019,2.0297492838877593,0.7509888338199175,0.8921289360379422,1.2300851050561885,1,1,A,-0.5916359183272589
29,2020,0.8756840793368977,-1.4954088062859208,-0.4897276846781977,0.5524139295739497,1,1,A,-0.5916359183272589
29,2021,2.5179184698073516,-0.745195241265407,1.9708300666222098,0.3585417872660044,1,1,A,-0.5916359183272589
30,2010,-1.1172924073714747,-0.5172037243873833,-1.484611000254121,1.2116833687978685,1,0,B,-0.4308648329409755
30,2011,-0.437618455351107,-0.3633958071702703,-0.060392696257124664,0.38853212021605454,1,0,B,-0.4308648329409755
30,2012,1.4376118766955652,-0.014855372099094377,1.7788808370559959,-0.938609503444772,1,0,B,-0.4308648329409755
30,2013,0.2397539375501751,-0.2750956525422679,0.3890874848552381,-1.2198981981082049,1,0,B,-0.4308648329409755
30,2014,-0.4347389254441376,0.31144857304096574,0.9221828353028098,-0.5952776014838034,1,0,B,-0.4308648329409755
30,2015,2.0999280650741845,1.316015195374449,2.245986758535992,-0.13626437367769695,1,0,B,-0.4308648329409755
30,2016,0.4602501955502838,-0.33767536582027263,-0.561793646071329,1.2975918003340603,1,1,B,-0.4308648329409755
30,2017,2.589250822847329,0.4550380309011174,0.8863115613746759,1.2771275300556202,1,1,B,-0.4308648329409755
30,2018,2.9270610570968354,1.2990530822453838,2.167946635557208,0.10258530089360993,1,1,B,-0.4308648329409755
30,2019,1.8423263603522873,1.3138089691244614,0.9321478301022631,-0.2366521746955171,1,1,B,-0.4308648329409755
30,2020,1.5976438637308257,0.9825862260316955,-0.18670304766164955,-0.9217421779342301,1,1,B,-0.4308648329409755
30,2021,3.25681392468542,0.06703292261611016,0.4609715136606385,0.4224292671884781,1,1,B,-0.4308648329409755
31,2010,-0.7271228207538248,-0.5762214442676377,0.3002226632712833,-0.06744376037684695,1,0,A,-0.20644884749718628
31,2011,-1.0122049058179616,0.13361228549331097,0.8892636165725195,-1.6730134984034584,1,0,A,-0.20644884749718628
31,2012,0.1664158051811495,-0.9455073258704751,-0.6974331589467209,-1.0899934743319295,1,0,A,-0.20644884749718628
31,2013,0.4037309004169011,-0.28071434297736997,0.5030980530825644,-0.7705922076606052,1,0,A,-0.20644884749718628
31,2015,0.609929074604972,-0.983893289350339,0.5783093342949431,-0.7679431192976821,1,0,A,-0.20644884749718628
31,2017,1.7147276395493405,-0.5330315964227047,0.9795899723584953,-1.7414863384107517,1,1,A,-0.20644884749718628
31,2018,2.787854196102611,0.7882581449004089,1.4539852827339868,-0.09356807761766692,1,1,A,-0.20644884749718628
31,2019,2.392717410257531,-0.05014938621060072,0.4184762758990684,-0.7957892403892247,1,1,A,-0.20644884749718628
31,2020,2.4473568855311028,1.0137212044755102,0.40242621268586354,1.2934950075275116,1,1,A,-0.20644884749718628
31,2021,0.6412449106832443,0.01997782533025738,-1.8392907241756755,-0.6910755125051864,1,1,A,-0.20644884749718628
32,2010,0.4191312586851449,1.4793293265479417,-0.5363512780441033,-0.5561570258064852,1,0,B,1.146484730294457
32,2011,1.4918553838027997,1.48222356340951,-0.11420299346176563,1.599386107088351,1,0,B,1.146484730294457
32,2012,1.4400092371640334,1.3027482601010971,0.06709291322511099,-0.28629981416802847,1,0,B,1.146484730294457
32,2013,2.873900599791776,2.648059196296713,1.3567450588256291,-0.09325241107777414,1,0,B,1.146484730294457
32,2014,0.7067792090689308,2.5842811797481837,-0.0951889495716097,-0.4605212542366323,1,0,B,1.146484730294457
32,2015,3.0498214180033885,3.0305538867155333,0.4434116046291259,0.9836664330675868,1,0,B,1.146484730294457
32,2016,3.8258682473576613,2.369594473414,0.8133768640066557,0.7174162783366217,1,1,B,1.146484730294457
32,2017,4.986345413124251,4.213416625317376,2.8741632159983923,-1.0037903972547602,1,1,B,1.146484730294457
32,2018,4.33698275601186,4.080051459608275,0.6786220890352762,1.534252231363219,1,1,B,1.146484730294457
32,2019,2.256430472569126,3.5393718138816244,-0.5614180773572437,-0.03910956566652017,1,1,B,1.146484730294457
32,2020,3.8741729737256905,2.840325966026642,0.38597957443883063,0.04702594793572784,1,1,B,1.146484730294457
32,2021,3.3944162252573147,3.405038925911396,1.3627393081625105,-0.5963368507131189,1,1,B,1.146484730294457
33,2010,-0.1405031142545859,-1.6873821911433626,0.19019255332820342,-0.34293637393928694,1,0,A,-0.6770133653810856
33,2011,0.4387831779518764,-0.8821878310215404,1.1424865073047916,0.07575657018963187,1,0,A,-0.6770133653810856
33,2012,0.3855499257503512,-0.7357695087809561,-0.005145670722097825,1.3740122026216615,1,0,A,-0.6770133653810856
33,2013,-0.9860287955079066,-2.1236656579469386,0.14886159323600595,0.16091000912425796,1,0,A,-0.6770133653810856
33,2014,0.7225279607495283,-0.6048910534480787,1.7349929913724924,2.0071067227966664,1,0,A,-0.6770133653810856
33,2015,-2.4603521969363396,-2.388186176253919,-1.8433644077031772,-1.2461807454751552,1,0,A,-0.6770133653810856
33,2016,1.699835950464775,-0.8344725608893665,0.5918965662207871,0.0407751546002438,1,1,A,-0.6770133653810856
33,2017,2.647396409467522,-0.5988581091062969,0.7752546384266111,-0.07893784795827526,1,1,A,-0.6770133653810856
33,2018,1.841021335406738,0.49569193227745156,0.5127660457710397,0.0369812465300696,1,1,A,-0.6770133653810856
33,2019,1.4147723497611027,-0.21658541662182065,0.7849858368356181,-1.6603155355684276,1,1,A,-0.6770133653810856
33,2020,2.0833770175998656,0.10690572225708961,1.1386116717901926,0.14842891785162626,1,1,A,-0.6770133653810856
33,2021,1.1928635871022744,-0.5496656710489053,0.273913518132026,0.062174478511661066,1,1,A,-0.6770133653810856
34,2010,-0.33397130281925147,0.930815019415091,0.41731120928621057,0.11815175765083892,1,0,B,0.35640418833459736
34,2011,1.076631318062853,0.952889379879781,0.6991218320403065,-1.198153428150754,1,0,B,0.35640418833459736
34,2012,-0.725128511871571,0.1446229398091487,-1.467219163348487,0.04194633452355781,1,0,B,0.35640418833459736
34,2013,-1.262918680697982,0.14319289124403367,-1.756581886964916,-0.4565144262603566,1,0,B,0.35640418833459736
34,2015,0.6214305326505221,-0.4963085059648204,-1.0162626955673544,-0.8202179250991182,1,0,B,0.35640418833459736
34,2016,3.0993744349452217,0.5061496424395872,0.0833264130907746,0.1458609522654824,1,1,B,0.35640418833459736
34,2017,3.2870587045063644,0.9721971808924063,0.6864627686816885,0.18942561783743841,1,1,B,0.35640418833459736
34,2018,0.8523812171441889,0.5953902170827415,-1.0113646056628507,1.0680182983766213,1,1,B,0.35640418833459736
34,2019,1.5694397193307315,0.9513566024180253,-0.6110771643865697,0.7662582909138005,1,1,B,0.35640418833459736
34,2020,0.7848317997665415,0.47604788303405354,-2.206249837953509,1.036435225358793,1,1,B,0.35640418833459736
34,2021,2.7194953225146854,1.5520037451491422,0.9151139301214388,-0.7407881998799616,1,1,B,0.35640418833459736
35,2010,0.9923765967126142,-0.1409511322213444,1.612859455858532,2.3778288167137878,1,0,A,-0.49074213792075033
35,2011,0.10302726727986877,-0.02987825537509639,0.7415657042588167,1.23963632123142,1,0,A,-0.49074213792075033
35,2012,-0.5844855732552802,-1.3516156053213235,-0.956811558220127,-0.8192919996458033,1,0,A,-0.49074213792075033
35,2013,-0.7757012061921511,-2.6642314305101786,-0.8962302638222999,0.5009549986586774,1,0,A,-0.49074213792075033
35,2014,-0.5161833816465204,-1.4093970505109672,-0.1740543238438266,0.014949177915702048,1,0,A,-0.49074213792075033
35,2015,-1.443527069099024,-2.273737178887973,-0.815646396065959,-1.7096892757901914,1,0,A,-0.49074213792075033
35,2017,1.2300205918120937,-1.605404736360078,-0.11848757168220898,-0.875408017366729,1,1,A,-0.49074213792075033
35,2018,1.4871511123183134,-0.08645852936374775,0.9018221481720662,1.1180562394542202,1,1,A,-0.49074213792075033
35,2019,1.1990805851487334,-0.45997227690499315,-0.2336720450722266,-0.7201076188077542,1,1,A,-0.49074213792075033
35,2020,2.802791493404882,0.6871538053823106,1.1881400988527417,0.5681447426134802,1,1,A,-0.49074213792075033
35,2021,3.0627352261519,2.0496978831536956,1.49261521598886,0.42462662393733847,1,1,A,-0.49074213792075033
36,2010,-0.2958128469528243,-0.3245767986838697,-0.22443464790115455,-0.7557361865039652,1,0,B,-0.27308142671281704
36,2012,-0.1491171840492966,0.1255342305105283,0.38863143572331366,-0.9136840687530113,1,0,B,-0.27308142671281704
36,2013,-0.5863981276575022,0.047512561908975445,-0.06922138699254715,0.8052839159480069,1,0,B,-0.27308142671281704
36,2014,1.2317366964824976,0.5883048700167424,1.2536178817155312,0.6158883903638394,1,0,B,-0.27308142671281704
36,2015,-1.7824443322909915,-0.04156581061766096,-1.588416809585821,1.824418514919204,1,0,B,-0.27308142671281704
36,2016,1.311709209954508,0.7766257691115157,-0.04098210681118729,0.6236007463226271,1,1,B,-0.27308142671281704
36,2017,2.1930575803390635,1.0287115614134732,0.5517679134219646,0.5367384424290724,1,1,B,-0.27308142671281704
36,2018,0.5906235098595257,0.16273062783844625,-0.33101133941263805,-1.136641739213834,1,1,B,-0.27308142671281704
36,2019,1.789360072687777,1.1621569340974816,-0.14394962424561122,0.3124761021000238,1,1,B,-0.27308142671281704
36,2020,1.9044759103544964,0.5505812267466481,-0.32646717529648134,0.8514612274813395,1,1,B,-0.27308142671281704
36,2021,2.7829121548973585,2.5977608520847837,2.1730560105519086,0.8438323438742611,1,1,B,-0.27308142671281704
37,2010,-0.4244432648605196,-0.17763534618228505,1.3762079513154246,-2.784867427158803,1,0,A,-0.4044136942785183
37,2011,-0.14194822472649749,0.2629002262037238,1.2268944329908253,-0.41891301705564554,1,0,A,-0.4044136942785183
37,2012,0.335209808062418,0.43265069368313464,0.6296679417663784,1.3078388529394596,1,0,A,-0.4044136942785183
37,2013,-1.1185303678948544,-0.6370684743135553,-0.6588448379154214,0.15315745157770133,1,0,A,-0.4044136942785183
37,2015,2.7260149625163876,0.8179159394475513,2.1348161769746654,1.457074010438454,1,0,A,-0.4044136942785183
37,2016,2.0436536387282973,1.4794655930086864,0.6965665832644982,1.041186870847182,1,1,A,-0.4044136942785183
37,2017,-1.140058853482291,-1.2508957582897124,-1.8144330222838645,-1.4554753203503354,1,1,A,-0.4044136942785183
37,2019,1.680186548304284,1.6857620039909857,0.8720589960319278,-0.02184965638402023,1,1,A,-0.4044136942785183
37,2020,1.2685980246573056,-0.16018882074226493,-1.510815888674158,1.2581671846169633,1,1,A,-0.4044136942785183
37,2021,3.2292931676926626,-0.8435817586718002,1.1366057067693127,-1.5418921544216164,1,1,A,-0.4044136942785183
38,2010,1.6538893608692224,2.140738094018403,1.220813723575519,0.7495904856380705,1,0,B,0.7194588048531637
38,2011,1.1779615365247527,1.6694944452405205,-0.4146602258309976,1.7564185347066021,1,0,B,0.7194588048531637
38,2012,-0.16806733614931768,1.4149544433373054,-0.5631326371673218,0.4172683952346958,1,0,B,0.7194588048531637
38,2013,1.4294793955626575,1.0850191692616877,0.47501008222262336,-0.42151157139891704,1,0,B,0.7194588048531637
38,2014,1.2437690054909942,1.4452747272517985,0.7120633853231799,0.24013748817976005,1,0,B,0.7194588048531637
38,2015,1.1672314895639597,2.141660826502794,0.07951856646304892,0.25671527259028537,1,0,B,0.7194588048531637
38,2016,3.34223618301767,2.262772957929322,1.574059194102069,-0.2143398442420637,1,1,B,0.7194588048531637
38,2017,2.188994479704289,0.7368420610261155,-0.611261767681464,-1.9338748738670644,1,1,B,0.7194588048531637
38,2018,3.902046731502626,1.1136805870964994,0.5342377423687069,1.275685706576375,1,1,B,0.7194588048531637
38,2019,4.008662631583131,2.3639484515994096,1.8398065515430706,-0.6866747398776493,1,1,B,0.7194588048531637
38,2021,2.1134017354428454,1.4703026458565163,-1.1929526092720135,2.05469507544042,1,1,B,0.7194588048531637
39,2010,0.45607352231212195,-0.6063624079255366,0.23052156317789282,-1.489673913217289,1,0,A,-0.2861742964820482
39,2011,-1.4652803915696366,-2.8015041246534307,-1.6764359426955573,-1.1772170664541184,1,0,A,-0.2861742964820482
39,2012,-1.7168927292623064,-2.9211824377324596,-1.2494535883283535,-0.07713947533957137,1,0,A,-0.2861742964820482
39,2013,-1.2468299411691741,-0.9166507093177343,-0.34100594527457395,-0.998996848110284,1,0,A,-0.2861742964820482
39,2014,1.4761814881416864,1.34938639512586,1.5988722878534634,0.6573959220472365,1,0,A,-0.2861742964820482
39,2015,-0.6404167515007041,0.8965149706859036,-0.8688579384313921,2.113588583565589,1,0,A,-0.2861742964820482
39,2016,1.7941496954830976,0.5710416772584841,0.05140641363037046,0.4072878365407336,1,1,A,-0.2861742964820482
39,2017,2.4854966731929213,0.22261134639911057,0.6179369636061223,0.44876201709562297,1,1,A,-0.2861742964820482
39,2018,1.4491819401214698,-0.46865724553318966,-0.1743105747758429,-1.1354325611239904,1,1,A,-0.2861742964820482
39,2019,1.7339738082899916,0.9350236814544406,0.7618396479460748,-0.4783804803946242,1,1,A,-0.2861742964820482
39,2020,1.7849154591861762,-0.4627030708055483,-1.680231617676351,2.789905325722141,1,1,A,-0.2861742964820482
39,2021,3.397233238993483,0.32530274665108777,0.20695884122896138,1.7202288752684511,1,1,A,-0.2861742964820482
40,2010,1.2768990887918836,1.1689651276688113,1.714127057590642,-0.018477147170913442,1,0,B,0.3553403903311788
40,2011,-0.5668000209756778,-0.6237551532250993,-1.3579933467423098,-0.34427063704669864,1,0,B,0.3553403903311788
40,2012,-1.794425889230153,-0.8785402788940879,-2.295535724832952,-0.35078408983351084,1,0,B,0.3553403903311788
40,2013,1.157995501866624,0.6463860931274553,1.0564258894490084,0.11118131898195255,1,0,B,0.3553403903311788
40,2014,-0.9058353176125857,0.028651862692755214,-0.8789198019970357,-1.0503823401295584,1,0,B,0.3553403903311788
40,2015,0.09615056734402529,-0.5848593258391611,-0.43235600884005543,-1.244438072087647,1,0,B,0.3553403903311788
40,2016,2.5725610669864487,0.7351729459313314,-0.3782651072532369,0.313969016543869,1,1,B,0.3553403903311788
40,2017,2.4919348078647547,0.8975552138444016,-0.3004713533607907,2.4866409657455137,1,1,B,0.3553403903311788
40,2018,1.8726896603825016,-0.1679802191397225,-0.23257323246636352,-2.116095622216165,1,1,B,0.3553403903311788
40,2019,1.236333795169536,0.5342707653688944,-0.7671532266626883,0.37810984780874435,1,1,B,0.3553403903311788
40,2020,2.518552985286062,0.43714486617819753,0.16364975765923706,-0.5207603201576293,1,1,B,0.3553403903311788
40,2021,2.7194756522969987,1.13643309404525,0.44275925696569135,1.257156577667153,1,1,B,0.3553403903311788
41,2010,-1.0324046098290802,-1.9314347343265468,0.5142331948758331,0.500631829286362,1,0,A,-0.7468459322144009
41,2011,-0.2776792608966567,-1.85837504370277,0.6253119215872988,-0.28699316331975205,1,0,A,-0.7468459322144009
41,2012,0.5396131351759044,-0.5352900081958086,1.2018494910503121,-1.1985702381803693,1,0,A,-0.7468459322144009
41,2013,0.3483262912923656,-0.09366811917652124,0.4076810840895512,0.5509157512751252,1,0,A,-0.7468459322144009
41,2014,-0.38242929168200374,-0.24019011658395545,0.08111605933333431,-0.4124012495760676,1,0,A,-0.7468459322144009
41,2015,1.2710737593654438,1.3288692448985595,2.2297077577561852,0.46716231540917363,1,0,A,-0.7468459322144009
41,2016,-0.01281712872349583,-0.48638097654634466,-0.6819252155448078,0.06906571914940123,1,1,A,-0.7468459322144009
41,2017,1.8153019450622105,-0.39037200450708776,0.26319480269229445,1.000603502566216,1,1,A,-0.7468459322144009
41,2018,0.6040306579230108,-0.8227639729779878,-0.3191107441823088,-0.7008443539020384,1,1,A,-0.7468459322144009
41,2019,1.4268983308024676,-0.4112386088731267,-0.5268948344131308,-0.015583788388346518,1,1,A,-0.7468459322144009
41,2020,1.851075203920359,0.3813483202179195,0.43315834743597453,0.6871019057692703,1,1,A,-0.7468459322144009
41,2021,2.0774697458583202,-0.8214916548035875,-0.3594710908043916,0.90650427295411,1,1,A,-0.7468459322144009
42,2010,-2.881888169173579,-2.4917802535877747,-2.1271329351338624,-0.17805699084221394,1,0,B,-0.25071310968510796
42,2011,1.3787108358554843,-0.27724388970016944,1.7357357832658158,0.6475816480474887,1,0,B,-0.25071310968510796
42,2012,-0.5760632430120797,1.507676373530226,0.1552991885028441,-0.3830475061365943,1,0,B,-0.25071310968510796
42,2013,-0.1527390555695377,1.3174299961433436,0.5446696544391132,-0.10511544328473969,1,0,B,-0.25071310968510796
42,2015,0.43810575351825337,-0.40885166894065783,-0.23717316446352454,0.592930979144201,1,0,B,-0.25071310968510796
42,2016,2.377010397215803,0.29155452991002706,1.0581762456814026,0.5292867090949877,1,1,B,-0.25071310968510796
42,2017,2.0925660795425047,-0.2334988954708138,0.5181905156022242,-1.1394147698819992,1,1,B,-0.25071310968510796
42,2018,3.1676924526436006,1.885273814598166,0.85741711816788,0.816596789509872,1,1,B,-0.25071310968510796
42,2019,1.1769050241298806,1.3228374117526034,-0.20136246926697865,0.570225062588086,1,1,B,-0.25071310968510796
42,2020,4.264905789104133,3.258354740319607,2.617034390140343,0.9269337068140284,1,1,B,-0.25071310968510796
42,2021,1.7287707109070494,2.6780054502836457,0.5171479960684231,-0.678286307956173,1,1,B,-0.25071310968510796
43,2010,0.2764651409503878,-0.2233285101485163,0.06892099244201592,-1.5400548020876477,1,0,A,0.2131153299033187
43,2011,0.6719228970467268,-0.30320168657377683,0.02428557057934068,-0.9345626556810033,1,0,A,0.2131153299033187
43,2012,-1.6414366612251046,-2.92539638300908,-2.7558061483040546,0.7400859063677705,1,0,A,0.2131153299033187
43,2013,-0.6655177149695681,-1.7634262434495658,-0.30142795718350957,-0.5422890882881176,1,0,A,0.2131153299033187
43,2014,0.223814247051513,-1.5540822956452602,-0.3428684577659702,0.449208155703634,1,0,A,0.2131153299033187
43,2015,1.1250215371363295,-0.4215195888203597,0.6249218560931505,0.0710837481818889,1,0,A,0.2131153299033187
43,2016,2.170864389013534,-0.13526432961489696,-0.32427590425965286,-0.6489360350521121,1,1,A,0.2131153299033187
43,2017,1.8578973804618508,0.6725587094774637,0.1643273774670856,0.26024174169647596,1,1,A,0.2131153299033187
43,2018,2.5837335348760293,0.4596599766165471,0.7882515749325761,-0.6142816693365798,1,1,A,0.2131153299033187
43,2019,1.2311224195682462,-0.1997809336162707,-0.14010576831882762,-0.006151750598545387,1,1,A,0.2131153299033187
43,2020,1.9666066343693809,-0.30546505948589164,-1.3891536341951707,-1.449939435208398,1,1,A,0.2131153299033187
43,2021,2.4564779526867837,0.2946190053872834,-0.21096983471373038,-0.661595790194208,1,1,A,0.2131153299033187
44,2010,-1.214067238701727,-1.0096151136659948,-0.3669717618239709,0.5085551043170485,1,0,B,-0.8222134642338853
44,2011,-0.9912874806301217,-0.7573747842983758,0.44174571032153637,0.08591191239468518,1,0,B,-0.8222134642338853
44,2012,-0.7143910485357818,-0.6330774040570878,-0.4722091954949378,0.11110754962126208,1,0,B,-0.8222134642338853
44,2013,-0.4805856126104362,-0.03257577569434722,0.9313794542308057,-0.7236739525161888,1,0,B,-0.8222134642338853
44,2015,-1.1087952233932081,-1.0033791486983301,-0.5136027489002406,1.9081868677118248,1,0,B,-0.8222134642338853
44,2016,1.2729976275548593,-0.34320690155599987,-0.1698759952533231,1.3206038262593391,1,1,B,-0.8222134642338853
44,2017,0.4648959441036066,-0.7739220934779685,-2.3800962183464014,1.5783563982030862,1,1,B,-0.8222134642338853
44,2018,0.6034778591276306,-1.3303064273449112,-0.033076152431180866,-0.7657096397265755,1,1,B,-0.8222134642338853
44,2019,2.054596280419666,-2.2841570546941456,-0.02423134301090359,0.7576194880002689,1,1,B,-0.8222134642338853
44,2020,1.7209282625022182,-0.9087980654153014,0.6533085891166,0.6267417230044043,1,1,B,-0.8222134642338853
44,2021,1.8782289895379662,-0.9860392909569924,0.16525536334449406,0.6965669322169435,1,1,B,-0.8222134642338853
45,2010,-1.8363022684110843,-1.5616162707106573,-1.9140638783278563,-0.21023909969493174,1,0,A,-0.251524910278037
45,2011,-2.1021664089954575,-2.2944433827253468,-1.4160203445210922,0.04057383397417952,1,0,A,-0.251524910278037
45,2012,-0.20811551632573788,-1.196439867670728,-1.3968218829414287,1.3980369267778405,1,0,A,-0.251524910278037
45,2014,0.9685675186767533,0.9420150257671389,0.74625808873297,1.6280379244266125,1,0,A,-0.251524910278037
45,2015,0.9445623044196976,1.2757956630444651,0.8134891689350854,-0.00117189151326223,1,0,A,-0.251524910278037
45,2016,2.1747040199740235,0.10516258939018755,-0.45214855358050343,0.24332746725357454,1,1,A,-0.251524910278037
45,2017,0.9756406756683476,-0.9213449921110177,-0.6534702667969857,-0.18368155396646327,1,1,A,-0.251524910278037
45,2018,2.0735859967860315,0.057749591300517794,1.0609128008642654,-1.3832707222453076,1,1,A,-0.251524910278037
45,2019,3.4707640751832125,0.3119418543506585,0.6992434243624898,0.6712996832742749,1,1,A,-0.251524910278037
45,2020,2.521658427734684,0.9847498966835121,1.0678509321454355,0.5952775053500087,1,1,A,-0.251524910278037
45,2021,1.384407489764216,-0.9436285348276845,-0.3408527291915387,-1.3011171448517809,1,1,A,-0.251524910278037
46,2010,0.9062786118204579,2.4366292229685502,0.11253358589671754,0.6385309287260609,1,0,B,0.8769168226859015
46,2011,-0.00919061163341195,3.261916455253514,-1.0831652493498474,0.08610966113839764,1,0,B,0.8769168226859015
46,2012,0.9220922001430716,1.781737525721698,0.08771351860249309,-1.8967605702554222,1,0,B,0.8769168226859015
46,2013,1.8736843691854066,1.879455685253351,0.9423775971674389,0.9942026895147261,1,0,B,0.8769168226859015
46,2014,1.0573983752392155,1.6953030721369755,-0.5310375879501013,0.27981861403826597,1,0,B,0.8769168226859015
46,2015,1.4296272186684629,0.7460320934533803,-0.355278252251791,0.313582897513706,1,0,B,0.8769168226859015
46,2016,1.9251812138648292,1.1735615992785369,0.13344190502772876,0.3303470705594641,1,1,B,0.8769168226859015
46,2017,3.52243826343634,2.7714197395891187,0.6812974380850285,-1.0553141351815165,1,1,B,0.8769168226859015
46,2018,2.2326256474720467,1.4687232920840643,-0.6480423275342603,-0.155378138182862,1,1,B,0.8769168226859015
46,2019,2.2264192633046713,2.0712612828311334,-0.42964728766696425,0.5900805740253983,1,1,B,0.8769168226859015
46,2020,2.338355160347122,1.6410756925849175,-1.2448946932876424,-0.3554018065599093,1,1,B,0.8769168226859015
46,2021,3.2426808434619887,1.679815806310825,0.441904762301505,-0.2645362457135383,1,1,B,0.8769168226859015
47,2010,-1.6673499685759616,-1.982001805619345,-0.9064355692429076,-0.31429110410748073,1,0,A,-1.0169644235244275
47,2011,-0.6875066074977658,-1.08683725618627,-0.5047660968105191,0.5521952607368421,1,0,A,-1.0169644235244275
47,2012,-1.5164333154202905,-1.3397661133256182,-0.8377095158923463,0.2601991015245304,1,0,A,-1.0169644235244275
47,2013,0.840553475798115,-0.23011932770671012,0.945559284623825,2.8817453047590287,1,0,A,-1.0169644235244275
47,2014,0.0004182004201594425,-0.4165731067680812,0.760844058833018,-0.9480910282238162,1,0,A,-1.0169644235244275
47,2015,-1.2199674121402988,0.1855896834219839,0.029694694666572274,-0.6568299025015593,1,0,A,-1.0169644235244275
47,2016,0.6110649170962268,-1.2928793396526312,-0.0466845802190136,-1.0547019133456492,1,1,A,-1.0169644235244275
47,2017,1.068716492288053,-0.779031642677824,0.817724069456606,-0.500715076301148,1,1,A,-1.0169644235244275
47,2019,-1.9547049189581287,-1.759994611590606,-2.3934449998251783,-0.4429215140024376,1,1,A,-1.0169644235244275
47,2021,-0.35391969914510424,-2.8526760732141967,-1.0467902811684844,-0.44665764535739017,1,1,A,-1.0169644235244275
48,2010,1.3432292318024972,0.3385481194217165,1.4301388653938358,0.6129694324505685,1,0,B,-0.651328588321273
48,2011,-1.6272398175699638,-1.4794352400307416,-2.1738372932428507,1.4860754819723032,1,0,B,-0.651328588321273
48,2012,0.7760630253392662,-2.4136777802797003,0.8282839328387197,-0.09080556078306813,1,0,B,-0.651328588321273
48,2013,-1.1298518769658799,-2.475898316780323,-0.8079916245207732,-0.5007607160062036,1,0,B,-0.651328588321273
48,2014,-2.687887442953443,-3.8292656251505752,-1.8756325776934681,-0.6576464298602772,1,0,B,-0.651328588321273
48,2016,1.8417909999403899,-0.5587263996216124,0.12501954590999478,0.806419162696855,1,1,B,-0.651328588321273
48,2017,0.4755793094948742,-0.20476507909011465,-0.48231651079725707,-0.35247237583509616,1,1,B,-0.651328588321273
48,2018,1.2916839539255427,-0.33426092357118525,0.8832482967804424,-2.077945582492039,1,1,B,-0.651328588321273
48,2019,1.808213734794061,-0.04433331387371747,0.15448100601144185,0.9617261606578023,1,1,B,-0.651328588321273
48,2020,1.3653685478821742,0.8388758741375433,0.2184602100759535,-0.704789733204941,1,1,B,-0.651328588321273
48,2021,1.6205797048335957,0.16787417591270626,0.13968298259259332,-0.648908402917446,1,1,B,-0.651328588321273
49,2010,-0.19711147097462972,-1.1713461283670688,0.005814081931415437,0.48883742973316013,1,0,A,-0.37842579577638036
49,2011,-0.2164574171725746,-1.2126843483023535,-0.3655039544198951,-0.5515192552343369,1,0,A,-0.37842579577638036
49,2012,0.5654762803511645,-0.7014058059653714,-0.6456753175888765,1.2397058008546225,1,0,A,-0.37842579577638036
49,2013,-0.8901454518183486,-1.058972749145451,-0.47932326099309136,-2.3225235437811866,1,0,A,-0.37842579577638036
49,2014,0.023899265896694243,-0.9474430496280223,0.2991376293509153,-0.9429293529353968,1,0,A,-0.37842579577638036
49,2015,1.090787106796917,-1.0270272399018792,0.2746538690079437,0.28459650372474854,1,0,A,-0.37842579577638036
49,2016,1.8287988160166802,-0.02800782697828974,0.1770885131999583,0.9350297134044437,1,1,A,-0.37842579577638036
49,2017,2.4606125155398018,-0.11755894729398395,0.0012482808886467884,1.4993595160911084,1,1,A,-0.37842579577638036
49,2018,1.514091829836238,-0.21298110795163394,0.37480279494280544,0.2668383034640363,1,1,A,-0.37842579577638036
49,2019,1.273685911213525,-0.043086418796921266,-0.28546396890202136,0.004602912195101315,1,1,A,-0.37842579577638036
49,2020,3.2590426811893094,0.8534374992281618,1.5674402867953194,-1.6254574677337104,1,1,A,-0.37842579577638036
49,2021,2.976317700513936,0.2152247325392067,0.531058263174266,-1.790551900055631,1,1,A,-0.37842579577638036
50,2010,0.5024394447399547,-1.3526829927613446,-0.1274390238247959,0.2919103034137709,0,0,B,-0.4001185519844512
50,2011,-1.4742446142738295,-2.3197534858896858,-1.7433140817567911,0.4666910256576106,0,0,B,-0.4001185519844512
50,2012,-0.49530354450315445,-1.6347418592238816,0.056708961695051664,-1.1270558258298227,0,0,B,-0.4001185519844512
50,2014,1.0197826386136886,-0.7930852862810187,0.991864961425082,0.4967424547567177,0,0,B,-0.4001185519844512
50,2015,-1.3854270590910611,-1.3939674191146592,-1.7370357879446239,-0.48456699414854415,0,0,B,-0.4001185519844512
50,2016,-0.8115349412607435,-1.7660057919551893,-0.8903874974308604,1.045338176069179,0,1,B,-0.4001185519844512
50,2017,-0.8549558449173968,-1.2296641489510167,-0.7955193557845409,0.19809382400498834,0,1,B,-0.4001185519844512
50,2019,0.3025242342508136,-0.26089523417327765,-0.10786942955911344,0.8055357846192541,0,1,B,-0.4001185519844512
50,2020,1.1684616108484764,0.08860561503919645,1.0125088013286567,0.2921597540880273,0,1,B,-0.4001185519844512
50,2021,0.16391349106637154,-0.1552528721546317,0.0251098842221549,0.05476967293564143,0,1,B,-0.4001185519844512
51,2010,-0.4449645737811367,-0.05680624697908965,0.13487530683801213,1.6692178471722,0,0,A,-0.1510850557905037
51,2014,0.7380881666470447,-0.8704670857025523,-0.7652920150511001,2.4587648052226454,0,0,A,-0.1510850557905037
51,2015,0.8668120701304264,0.11204738927312151,0.9835206415425994,-1.160327553223313,0,0,A,-0.1510850557905037
51,2017,-0.19097837524270422,-1.186110107273524,0.34628616137406515,-2.3647885035363125,0,1,A,-0.1510850557905037
51,2018,-0.3366771846363801,-2.4057317663383846,-1.8226686081759254,0.09214473125739202,0,1,A,-0.1510850557905037
51,2019,-0.5321173034546669,-1.3681805312257835,-0.8658821607461477,-0.5867639686720586,0,1,A,-0.1510850557905037
51,2020,-0.24169900842190062,-1.9320257885715864,-1.884637366263311,0.28724760248235165,0,1,A,-0.1510850557905037
51,2021,0.6070079753401394,-1.5986965291897972,0.05041396101732746,-1.4455330258652537,0,1,A,-0.1510850557905037
52,2010,0.8326761163468345,1.1390818133787646,0.7294640746638507,1.2043517986815762,0,0,B,-0.20346320652384575
52,2011,-1.5232757894341638,-0.46113735051512217,-1.1130085505954699,-0.8649558731141985,0,0,B,-0.20346320652384575
52,2012,0.5716819586446684,-0.017303405189139795,0.16925020100511534,1.5406643672257205,0,0,B,-0.20346320652384575
52,2014,1.412037017933812,-1.0082269213427468,1.1500483299963302,0.47766583577168764,0,0,B,-0.20346320652384575
52,2015,1.1398008316553951,-0.501907378025401,0.6934811937166631,0.2094952373869373,0,0,B,-0.20346320652384575
52,2016,-0.9093937587073586,-0.7994898317712529,-1.2901801445987569,0.7318837085265798,0,1,B,-0.20346320652384575
52,2017,0.3156786020047779,-0.3102081189310559,-0.6891792582409035,0.2591156175019333,0,1,B,-0.20346320652384575
52,2018,0.1500436132835684,0.21258243033199353,-0.3984959127589141,0.5341598035403939,0,1,B,-0.20346320652384575
52,2021,-1.2820101758920293,-0.7023648913884715,-1.6620395734505649,-0.5793608517898877,0,1,B,-0.20346320652384575
53,2010,2.9657048389196223,3.9869951764682945,2.374345935480117,0.8541724080032037,0,0,A,0.8390789011074443
53,2011,0.30995564728999286,2.0262153422892575,-0.27444003057617955,0.07958883347492644,0,0,A,0.8390789011074443
53,2012,0.8442294634118761,1.3093068368695084,-0.20236863924208157,-0.6551062748587969,0,0,A,0.8390789011074443
53,2013,0.7574238070193923,1.1892961925399284,-1.3953992844598195,-1.9220864832191642,0,0,A,0.8390789011074443
53,2014,-0.44748651523972205,0.415894052295848,-1.7292111896858746,-0.06949968015701885,0,0,A,0.8390789011074443
53,2015,1.3762258484845902,1.5419966086722412,-0.48485794253764014,0.5875433092051437,0,0,A,0.8390789011074443
53,2016,2.5120223226974656,1.508748276667946,0.4070163080370194,1.2595863839294377,0,1,A,0.8390789011074443
53,2017,0.9993306794024556,1.2629564906175599,-0.2694833459939882,-0.14758779782913967,0,1,A,0.8390789011074443
53,2018,1.773541514275704,2.311659674157988,0.1056334796635998,-1.198090156822504,0,1,A,0.8390789011074443
53,2019,0.607798737201391,2.497562242802375,-1.3969836918392322,-0.06443342199876044,0,1,A,0.8390789011074443
53,2020,3.6449269070103276,3.734895587176965,1.74571918764689,0.44099049913754695,0,1,A,0.8390789011074443
53,2021,1.369366393481265,2.5214534267734976,-0.448549790796574,0.19419318627211574,0,1,A,0.8390789011074443
54,2010,-1.1271705549274245,-1.3664756775778526,-0.7171383549381103,-1.030824535843336,0,0,B,-0.18307499752855003
54,2011,0.3369710163489395,-0.45117262853245166,0.3703109459083052,1.1130630490118698,0,0,B,-0.18307499752855003
54,2012,-0.3140816637369523,-0.5517911552604219,-0.836446347253007,0.6187358597598127,0,0,B,-0.18307499752855003
54,2013,1.4744082470569246,0.4456272725700162,1.0489983234218043,-0.14825819152326813,0,0,B,-0.18307499752855003
54,2014,1.0927335251321502,0.1032924903057677,0.8338129179200823,0.1713226514893853,0,0,B,-0.18307499752855003
54,2015,-0.3028182652738277,-0.9713060466195951,-1.0620866604324533,0.1744148884267371,0,0,B,-0.18307499752855003
54,2016,1.7129529379404893,-0.24698912545341456,1.7048504393701984,-0.5657463601985534,0,1,B,-0.18307499752855003
54,2017,0.3090704051598064,-0.11073985860173848,-0.23115422865569618,0.6854402215780443,0,1,B,-0.18307499752855003
54,2018,0.17306546120415045,0.04573398338260379,-0.13467720289369614,-0.021472452698076194,0,1,B,-0.18307499752855003
54,2019,2.173454996216919,-0.2980950985828721,1.1008189158087704,1.2282463552991694,0,1,B,-0.18307499752855003
54,2020,1.5305512389065543,0.7778482101811314,1.0463345021644255,0.1791131248588327,0,1,B,-0.18307499752855003
55,2010,-0.08010856172932335,-1.600101273217628,0.33940713841854836,0.35658947869637425,0,0,A,-0.9300532348987638
55,2012,-1.3364485517011295,-1.901097048875448,-0.6788509245818862,0.2871874095729524,0,0,A,-0.9300532348987638
55,2013,-0.13983290791269742,-1.3962226931730175,1.5096259945844783,-0.25135964545098854,0,0,A,-0.9300532348987638
55,2015,-0.5894478061855692,-2.0439014610903423,0.06613401220786905,0.205903659726032,0,0,A,-0.9300532348987638
55,2016,-0.6600000437524159,-1.4686118211513812,-0.0817757415372282,-0.257261843978313,0,1,A,-0.9300532348987638
55,2017,0.6078870863365482,0.3610190077777756,1.0242128233678276,0.5788209499157455,0,1,A,-0.9300532348987638
55,2018,-1.9079445545670544,-2.4716135171588487,-1.3875494105941892,-0.3385152670179916,0,1,A,-0.9300532348987638
55,2019,0.36643019556307366,-1.4594980630488135,0.3319057451269499,-0.8626250586213755,0,1,A,-0.9300532348987638
55,2021,1.1734515722119705,-0.7450549060749795,0.4293149689503976,0.34592593517461523,0,1,A,-0.9300532348987638
56,2010,0.45531239522069017,0.9950787342297408,0.5222646949308726,-0.14932579932082077,0,0,B,0.11732358821494626
56,2011,0.37425411443065415,1.5443448977658643,0.26663816861814055,-1.4745682824041506,0,0,B,0.11732358821494626
56,2012,1.0607230845626123,1.0744935858937021,0.057549007264206996,1.3066839363972627,0,0,B,0.11732358821494626
56,2015,1.010394875863542,0.8031767671335343,0.8252625230400192,0.30455626671632435,0,0,B,0.11732358821494626
56,2016,0.7448556425653852,-0.13184927788210787,-0.0638914872785596,0.6218789773104628,0,1,B,0.11732358821494626
56,2017,0.8498752152710776,0.30571252233484353,-0.1159532645087637,0.33192891296818805,0,1,B,0.11732358821494626
56,2018,-0.4488973409583291,0.8664043593559891,-1.0080544149525177,0.756570972180588,0,1,B,0.11732358821494626
56,2019,1.001962757101841,-0.028253557019312148,-0.8171031040855228,1.0664178858092805,0,1,B,0.11732358821494626
56,2020,0.44906757709418355,0.14356402036367794,-0.9399274393757695,-0.29243023846396776,0,1,B,0.11732358821494626
56,2021,1.5459587410193498,0.46245417445679715,0.6378117740932546,0.9134386998199083,0,1,B,0.11732358821494626
57,2010,2.373559446699133,0.07797118847434392,2.398727498480516,0.15447043948119463,0,0,A,-0.3830105915911237
57,2012,1.0531857639701627,1.5786236037572356,0.38465919923490005,1.6895435285312008,0,0,A,-0.3830105915911237
57,2014,-0.29748972250219574,0.3053121666186441,1.1096010023595948,-1.4337567525244783,0,0,A,-0.3830105915911237
57,2015,0.39951029250000336,0.660432261612957,0.4587816278037217,0.6890890861651073,0,0,A,-0.3830105915911237
57,2017,0.12067432160103347,0.7098293910466759,-0.3891058025076499,2.332840248010646,0,1,A,-0.3830105915911237
57,2018,0.022118935104070037,-0.2688771931418929,-0.4435306584081724,-1.8108023614089837,0,1,A,-0.3830105915911237
57,2019,1.5614359642332758,0.551642269715721,1.6110992602565357,-1.2616659550422726,0,1,A,-0.3830105915911237
57,2020,0.815795875169868,-0.08642111916516959,0.7122641479718566,-0.16787255750159844,0,1,A,-0.3830105915911237
57,2021,0.20703259553127973,-0.3714875219396593,-0.46187702593485136,-0.18755431170752979,0,1,A,-0.3830105915911237
58,2010,2.946833785835744,2.777260000697023,2.408515027893042,0.22299745903858853,0,0,B,0.8217995063389226
58,2011,1.1076590931220118,1.119080760738695,0.16596073970148728,0.38439545714086043,0,0,B,0.8217995063389226
58,2012,-0.27297289126270274,0.49504948347138683,-0.6266340039724073,-0.7142451333034882,0,0,B,0.8217995063389226
58,2013,1.1269504898287146,1.1483606561378896,0.33198564530280467,0.2762531760402115,0,0,B,0.8217995063389226
58,2014,1.577389974248503,0.6560044155165452,0.19937440284364272,-1.9292776536103708,0,0,B,0.8217995063389226
58,2015,0.047292133764561844,-0.027442384693495928,-1.6292714931986716,-0.6554775638594641,0,0,B,0.8217995063389226
58,2016,0.6142484702372181,1.3611190155046773,-0.9923165976911006,0.26844652008345277,0,1,B,0.8217995063389226
58,2017,1.1927781495935519,2.2541027675898286,0.42092633792102063,0.7070513160902158,0,1,B,0.8217995063389226
58,2018,2.629689440817219,3.2756362960936776,0.6626352213119309,0.01182948000619756,0,1,B,0.8217995063389226
58,2019,0.3194325057953794,1.3933255443970403,-0.8204389419490309,-0.2173185982575507,0,1,B,0.8217995063389226
58,2020,2.9819403524162094,2.1375799843015484,0.5068180307450678,-0.3160613323553513,0,1,B,0.8217995063389226
58,2021,3.4259870401341934,3.086594522932519,1.4776133610563051,0.973254080392274,0,1,B,0.8217995063389226
59,2010,-0.1088192019143548,-0.9616065987390341,0.08154457230830497,1.1892298925322724,0,0,A,-0.35935231593454464
59,2011,-1.7119857509943013,-1.0705258953468284,-1.0893739983978434,0.08836496022367922,0,0,A,-0.35935231593454464
59,2012,-0.44368812721845335,-1.8015378921681469,0.11298867951103626,-0.4246589611125116,0,0,A,-0.35935231593454464
59,2013,0.7035326295601021,-0.2841786256833536,0.49691594381255716,-0.33420540125774784,0,0,A,-0.35935231593454464
59,2014,0.35086611770805,1.2515729600421026,1.6228184188014825,0.7911541570659719,0,0,A,-0.35935231593454464
59,2015,0.27641497465485604,0.10785511166811534,0.14979849216234764,1.8880497642049223,0,0,A,-0.35935231593454464
59,2016,0.5135412279454745,0.7161215000254969,0.9118553487057813,0.4987638552198481,0,1,A,-0.35935231593454464
59,2017,0.3863038121656127,-0.006824407754853545,0.43978061122424,-0.5633834361955693,0,1,A,-0.35935231593454464
59,2018,0.18598599548039152,0.32400202540123524,0.6291719255967437,-0.32921366973613964,0,1,A,-0.35935231593454464
59,2019,-0.5588696061461098,-0.16334054031810225,-0.7605473902258367,-0.33147724350450786,0,1,A,-0.35935231593454464
59,2020,-0.08814137818383849,-0.7146037637628505,-0.7531786993929871,0.46224029186561544,0,1,A,-0.35935231593454464
59,2021,-0.19437166080424156,-0.6459619311905591,-0.7315620604279612,-0.3720600444501338,0,1,A,-0.35935231593454464
60,2010,-0.33814225186141333,-0.36905988651993005,0.8544360659793515,-0.8769977833269021,0,0,B,-0.5825748776818314
60,2011,-1.3341431657095062,-1.2499837836967767,-0.24747187400173534,-0.08846571099291067,0,0,B,-0.5825748776818314
60,2013,-0.9080776715242336,-0.7084139214980945,-1.0196089389816008,-1.3271974300189031,0,0,B,-0.5825748776818314
60,2014,-0.2252033959350372,-0.24997764438017656,0.06703270401722118,-1.9806719588001207,0,0,B,-0.5825748776818314
60,2015,0.3832599694030092,-0.14575821441535325,0.5957867277779211,0.4001421981590374,0,0,B,-0.5825748776818314
60,2016,-1.2269666580236445,-2.319795726773076,-1.7076182643512696,-1.2344275168638679,0,1,B,-0.5825748776818314
60,2017,0.31154793315118323,-1.5828204238320165,-0.05020521185612912,1.3761474905732811,0,1,B,-0.5825748776818314
60,2018,-1.3123537950156716,-3.639563600439412,-1.466018865712877,-1.554122268368141,0,1,B,-0.5825748776818314
60,2019,-0.8861363103221118,-1.5958627129670255,-0.1839002123175852,-2.0684238557650896,0,1,B,-0.5825748776818314
60,2020,-0.10473759768469698,-1.0537342843414441,-0.35649356851851244,0.8221982494441017,0,1,B,-0.5825748776818314
60,2021,0.3723058450476525,-2.149047682881702,-0.4055676144467226,-1.1200806368749137,0,1,B,-0.5825748776818314
61,2010,0.27398997359958804,-0.9307903289602373,0.31827665080499246,0.22454495107787908,0,0,A,-0.16866121609266835
61,2011,-0.5391127850525608,0.030814926041718232,0.795306335750083,-0.7929083212452013,0,0,A,-0.16866121609266835
61,2012,0.7849941528750306,0.11989845485925354,1.7985878738839274,-0.8735087124512706,0,0,A,-0.16866121609266835
61,2013,0.9674256370521285,0.4588246137060097,-0.015027372545439432,-0.31744545214092107,0,0,A,-0.16866121609266835
61,2014,-1.132242529028082,-0.3561467259657612,-0.707262694210041,0.710224378079109,0,0,A,-0.16866121609266835
61,2015,0.8703899000358909,-0.18704341275567354,-0.0931897585530981,0.8007576572040356,0,0,A,-0.16866121609266835
61,2016,1.1162148443337196,1.012043056203339,1.4888640964355786,0.38935022696453797,0,1,A,-0.16866121609266835
61,2017,0.47601103230111397,0.11545987146110959,0.8004703279488979,-1.448255149127601,0,1,A,-0.16866121609266835
61,2018,-0.27964157913761134,-0.3816197285370838,-1.3547720408528607,0.8676659617324395,0,1,A,-0.16866121609266835
61,2019,1.4750517824677594,1.3016039229071166,0.9170070144117815,1.7712168864164521,0,1,A,-0.16866121609266835
61,2020,0.2791119569760877,0.576581268735242,0.5178973025818007,-1.1959926511519132,0,1,A,-0.16866121609266835
61,2021,1.1362983561538886,1.1930366241925805,0.6625263758801831,-0.23868457394686585,0,1,A,-0.16866121609266835
62,2010,-0.19180135207595522,1.605664628742515,-0.35682444958151216,0.08813778042191822,0,0,B,0.39333061429865973
62,2011,0.9852174332745993,1.5769400729699057,-0.05472250170583252,-0.22842310569482974,0,0,B,0.39333061429865973
62,2012,-0.17279290819215848,-0.26489480650401726,-1.1883184973968783,-0.7591357214634211,0,0,B,0.39333061429865973
62,2013,1.8054463439409896,0.903337991021035,1.1910647887822643,-0.9272433449009644,0,0,B,0.39333061429865973
62,2014,1.1161184652585874,-0.09832701165654723,0.07297479309099059,-0.3149834847599007,0,0,B,0.39333061429865973
62,2015,0.2872695002313764,0.4660385145400995,-0.32250479784045416,-0.6662729109536086,0,0,B,0.39333061429865973
62,2017,1.32698463713704,1.472926417614832,0.36037265642065947,0.038818322390891905,0,1,B,0.39333061429865973
62,2018,1.3636823426867337,2.0697954650070525,0.686859387497605,-0.34074651706127257,0,1,B,0.39333061429865973
62,2019,1.3575427798510633,2.81948242846207,0.7828961237210808,0.06547545522627041,0,1,B,0.39333061429865973
62,2020,1.1952302850700376,2.2934118213177546,0.026065564467078733,-1.2724755647597688,0,1,B,0.39333061429865973
63,2010,0.32941163653471367,-0.375002848408418,1.325671240817478,0.042906646745274696,0,0,A,-0.7350521804241942
63,2012,-2.4773929845132665,-0.6686430750994158,-1.7346989263349455,0.6239128315957154,0,0,A,-0.7350521804241942
63,2013,-0.34246915425346547,-1.1411571335713429,-0.06579376852927435,1.177070607808918,0,0,A,-0.7350521804241942
63,2014,-0.061730076670727135,0.031342161443827066,0.7818977699326808,-0.5935995982170479,0,0,A,-0.7350521804241942
63,2016,1.8117871042351201,-0.12309541390400813,1.9287609691471777,0.6587655444005648,0,1,A,-0.7350521804241942
63,2017,1.3396179146541,1.1024055648491353,1.1423052865790333,1.8783632588202794,0,1,A,-0.7350521804241942
63,2018,0.6610609775606708,1.6011831285627585,1.1584513692918916,-1.5744855276038576,0,1,A,-0.7350521804241942
63,2019,0.643582759441444,-0.005212245729600273,0.046786489798976975,0.28386390219163177,0,1,A,-0.7350521804241942
64,2010,0.6289203963603988,-0.09769252116993676,2.2005809763817794,1.2690519096621673,0,0,B,-0.8318516466229736
64,2011,-0.765560043960088,-1.1510517561087408,0.4426051927686538,0.09605278282674821,0,0,B,-0.8318516466229736
64,2012,0.47710174036416353,-1.3446988852471355,0.41560021696319,-0.4965566240549727,0,0,B,-0.8318516466229736
64,2013,0.43500175586580314,-1.0715147204084556,1.0335699175547777,-0.5971300721448337,0,0,B,-0.8318516466229736
64,2014,-3.0682665639904405,-2.435536540822995,-1.919068562959502,0.7268508371401298,0,0,B,-0.8318516466229736
64,2015,-0.30700377923367594,-2.6084270748425142,-0.583733771504872,0.10665144415334042,0,0,B,-0.8318516466229736
64,2016,0.9737743581469236,-1.7068437234325213,1.3230683852815175,0.014636645784603578,0,1,B,-0.8318516466229736
64,2017,-0.7700382442068219,-2.259081586236843,-0.7662252654063186,-2.3128262419454737,0,1,B,-0.8318516466229736
64,2018,1.3790893782141194,-0.7449464616428683,1.932130413372464,0.48784923293348664,0,1,B,-0.8318516466229736
64,2019,-0.2987419627722371,-0.4509934965142959,-0.1232872262731567,-0.3081067383633129,0,1,B,-0.8318516466229736
64,2020,0.19323996579340136,-1.0496084993867751,0.7288314316382855,-0.1943875148560609,0,1,B,-0.8318516466229736
64,2021,1.0189788338378967,-1.0747043219012862,1.044065003759315,-0.8995770320812803,0,1,B,-0.8318516466229736
65,2010,0.41193240398848874,0.48405263586670405,1.0739695099530941,-1.1497765891605458,0,0,A,-0.2174598343682229
65,2011,0.5256712398734492,1.682873388800724,0.8435527802847252,-0.8300058541205269,0,0,A,-0.2174598343682229
65,2012,-0.051121335475597995,0.9868430998244966,0.4556126424239521,-0.5781994792468187,0,0,A,-0.2174598343682229
65,2013,-1.40727732763618,-1.4713299108598425,-2.1856485414257905,0.383564948284574,0,0,A,-0.2174598343682229
65,2014,0.6606019918318067,0.07269202326968896,0.4374854729295412,2.5066447927727746,0,0,A,-0.2174598343682229
65,2015,1.9727607960154705,0.4340636784248824,0.9428986114834329,0.46877392506435905,0,0,A,-0.2174598343682229
65,2016,-0.4080921925185139,-0.9077330594742697,-0.0390558674227302,0.9012149740065086,0,1,A,-0.2174598343682229
65,2017,-0.1393014152071989,-0.37968579064762187,-0.9301767547790879,-1.294918869410851,0,1,A,-0.2174598343682229
65,2018,1.8419406422499114,-0.003365989213735432,1.3010362119495642,-0.07811341088736731,0,1,A,-0.2174598343682229
65,2019,2.030437445023904,1.1193951788995071,0.8794055629206222,2.1622302523626047,0,1,A,-0.2174598343682229
65,2020,1.0005919756451347,-0.19219683100377827,-0.1365146343814382,-0.2649487201445212,0,1,A,-0.2174598343682229
65,2021,0.5619064947781774,-0.6407257560271566,-0.7376339411938294,1.7104814084633748,0,1,A,-0.2174598343682229
66,2010,-1.684061425561575,-1.5517471444821753,0.06480636448563262,-1.8163604806255822,0,0,B,-0.7703987455682014
66,2011,-0.28471831722688556,-0.37871544653873124,1.1772306954988963,-0.2510740413770823,0,0,B,-0.7703987455682014
66,2012,-2.008104437917486,-2.197891024889947,-1.8459079563110858,-0.34720719257398763,0,0,B,-0.7703987455682014
66,2013,-0.28602670675325875,-0.14839572358006725,1.121547006058254,0.48681482392386755,0,0,B,-0.7703987455682014
66,2014,0.5896138665581395,-0.5669223076263947,0.6132264392635377,1.3133547803525187,0,0,B,-0.7703987455682014
66,2015,0.4681980070938695,0.21188730109832277,0.8424003889800541,-0.05727672838858003,0,0,B,-0.7703987455682014
66,2016,-0.14773825936871215,-0.2802569799723573,0.9967724161063308,-1.8825271011133133,0,1,B,-0.7703987455682014
66,2017,0.603155303069996,-0.026247454334429487,0.631069034638818,0.5728278949576567,0,1,B,-0.7703987455682014
66,2018,1.097611938950722,0.4651322191784863,1.3898821515484823,0.02998457625598357,0,1,B,-0.7703987455682014
66,2019,0.7146355001856685,-1.1856533451541735,0.18456854198764816,0.1267850269447946,0,1,B,-0.7703987455682014
66,2020,0.10335126513545945,-2.330244274390866,-1.3717474271472605,2.1461857461762626,0,1,B,-0.7703987455682014
66,2021,-0.6660452973858879,-1.57129935980309,-1.191804506592605,-1.509908561477108,0,1,B,-0.7703987455682014
67,2010,1.3043899411177,-0.8512898090058659,0.6357252827023796,-0.5794321669550978,0,0,A,0.5379280044907697
67,2011,2.489901831500341,1.2278106685051107,1.9775463447233894,0.11986756153007347,0,0,A,0.5379280044907697
67,2012,1.3001154962223762,2.426858439086097,-0.5296173491517274,1.7677127525393919,0,0,A,0.5379280044907697
67,2013,-0.27963386192080514,1.4557356180413907,-0.9379589299112505,0.9154899572000177,0,0,A,0.5379280044907697
67,2015,0.3985485464558274,0.24333419500429254,-0.9071104547193043,-0.8213847848246766,0,0,A,0.5379280044907697
67,2016,-0.4923107169794605,0.4377811744953043,-0.04942068857377637,-0.6688786241287533,0,1,A,0.5379280044907697
67,2017,0.9317596293521615,2.5549171023597603,0.272927521128663,0.23999484812124883,0,1,A,0.5379280044907697
67,2018,0.3720044673723238,1.9645361610149132,-0.6962664097321354,0.5010421756372602,0,1,A,0.5379280044907697
67,2019,4.591095629856714,4.125796119336321,2.4753406522059853,-0.4839883623600341,0,1,A,0.5379280044907697
67,2020,2.141969913271509,3.048230111984172,0.9461531647461057,0.029839064508582213,0,1,A,0.5379280044907697
67,2021,-0.39485409774871005,0.20635221263438164,-1.6544442525261993,0.09229592151524912,0,1,A,0.5379280044907697
68,2010,-2.226277285024591,-3.6001108472687884,-0.4642797949609822,0.10750499662809779,0,0,B,-1.800045915268809
68,2011,0.15257809161024982,-2.0796560677835387,1.4901148065625875,-0.2762428797539056,0,0,B,-1.800045915268809
68,2012,-1.262839833887614,-3.120642300479192,1.036528547040605,-2.2722264086055453,0,0,B,-1.800045915268809
68,2013,-1.6100326317957756,-3.2630417617704937,-0.35388594101271065,-0.7133829575031161,0,0,B,-1.800045915268809
68,2014,-0.40540716294139434,-2.0450136548121676,0.6574230154111517,-0.44141210760583555,0,0,B,-1.800045915268809
68,2015,-1.317460392018232,-2.626865394567226,0.5923520687117334,0.4892802575064065,0,0,B,-1.800045915268809
68,2016,-0.5212666664709179,-2.483942007831939,0.07924646642494088,-0.056346880938142614,0,1,B,-1.800045915268809
68,2017,-1.650105081282025,-3.9545228312396223,-0.3736085361861352,-0.06097348108491453,0,1,B,-1.800045915268809
68,2019,-0.9923163254337838,-3.977466907595542,-0.07892710010982243,-0.47006375549766677,0,1,B,-1.800045915268809
68,2020,-1.3183610883201418,-2.8652534581166087,-0.08611059399807097,0.5880068152368096,0,1,B,-1.800045915268809
69,2010,1.5024801417646279,1.6777879859758564,0.15725154887022563,1.3102526970362824,0,0,A,0.6240468058475599
69,2011,2.098084874855654,1.6828420599524176,0.8641660055240271,1.3475219895236865,0,0,A,0.6240468058475599
69,2013,1.5799141065133884,1.8583775607772632,0.28478529274482356,1.3863991088478311,0,0,A,0.6240468058475599
69,2014,1.3796728466803418,2.450658008741323,0.23221075018410156,0.922356038784441,0,0,A,0.6240468058475599
69,2015,2.6357516767449978,2.2773533305045195,1.6749518357961044,-0.5406998997305015,0,0,A,0.6240468058475599
69,2016,2.65138937350731,2.194553035572485,1.1207672209222383,0.44789450698939914,0,1,A,0.6240468058475599
69,2017,1.2830984024613417,1.4509539136822034,0.16598725854593707,-0.1104073159169362,0,1,A,0.6240468058475599
69,2018,0.44512271134087567,0.547197363788076,-0.4454553975324943,-1.433212668633732,0,1,A,0.6240468058475599
69,2020,1.735797733768702,2.2741709293905368,-0.41426017072949634,0.7431664229640766,0,1,A,0.6240468058475599
69,2021,0.1907447924770711,1.2937223975027734,-0.8622510144769081,0.3618473598426524,0,1,A,0.6240468058475599
70,2010,-1.5318231820104335,-0.5726586242710625,-1.8739670256249241,-1.6847578494223951,0,0,B,0.19072750333769162
70,2011,-0.5181476128218797,-0.5190428863548089,-1.3501443928122103,0.30929786658923125,0,0,B,0.19072750333769162
70,2012,-0.03658673682388744,0.715669920356865,-0.6841059510191668,-0.22363767022674555,0,0,B,0.19072750333769162
70,2013,1.9382452621357236,0.7031334744917278,1.3099744580538597,-0.15055717220800832,0,0,B,0.19072750333769162
70,2014,-0.9898754889372827,0.5036076125005391,-0.8734537055710152,-1.2755983382525053,0,0,B,0.19072750333769162
70,2015,1.7889664835445713,0.5916134646894688,0.7972439905236359,0.08570594724569558,0,0,B,0.19072750333769162
70,2016,2.165354344640765,2.1542606202180026,2.0476664328268597,-0.37779634682281477,0,1,B,0.19072750333769162
70,2017,1.0393153911076523,1.6138674714764556,1.3441386473188006,-2.1621241761972243,0,1,B,0.19072750333769162
70,2018,1.324678265479283,1.9157926599588067,0.3915663257726499,0.2879518911375022,0,1,B,0.19072750333769162
70,2019,2.611832266353899,2.7631844899184284,1.5120935787144674,-0.9934650615905659,0,1,B,0.19072750333769162
70,2020,2.0381412632633777,1.5645914095821798,-0.23291601997133582,0.9581716938051018,0,1,B,0.19072750333769162
70,2021,0.6053046117611841,1.1331493546569107,-0.40558594625860234,-0.957467626735579,0,1,B,0.19072750333769162
71,2010,-1.5328325694594442,-2.5752189247245942,-0.9344015247727947,-0.394808531779294,0,0,A,-0.5131731341442303
71,2012,-1.2828150622567978,-1.0477028890197095,-1.2403324130397728,1.9248404554381204,0,0,A,-0.5131731341442303
71,2013,-0.57026344111161,0.175844668017066,1.5575414937265577,-0.12021390829948078,0,0,A,-0.5131731341442303
71,2014,-1.2737835582351091,-2.0740659657419105,-1.4094257092736806,-2.2580108337260456,0,0,A,-0.5131731341442303
71,2017,-1.4742562170802498,-2.6417048045253884,-1.6225461282899543,-1.0996272941837024,0,1,A,-0.5131731341442303
71,2018,-0.6052179509654295,-2.3063008584114693,-0.5166352670756021,-0.9711683386404288,0,1,A,-0.5131731341442303
71,2019,-1.7188612525817415,-1.4929873820313513,-1.2900407581526692,1.9654358526335358,0,1,A,-0.5131731341442303
71,2020,2.0066088056502753,0.1441478921786103,1.1335579819660522,-0.0953409897207976,0,1,A,-0.5131731341442303
71,2021,0.3793930951031771,-0.47363949484650836,0.5353644748791192,-0.865396311280593,0,1,A,-0.5131731341442303
72,2010,-0.32661722754301925,-1.1830954473992967,0.17505215728932308,-1.8815279482140583,0,0,B,-0.22457233034567528
72,2011,-1.4563505199285867,-1.6084654482656076,-1.7017528536908655,0.6940307479445308,0,0,B,-0.22457233034567528
72,2012,0.2833718109674867,-1.0611850742859854,0.4865273027750206,1.1792346402523055,0,0,B,-0.22457233034567528
72,2013,-0.8217766366894854,-1.6787360233816804,0.12838364452077625,-0.2618340122968891,0,0,B,-0.22457233034567528
72,2014,-0.6652019452354545,0.7344788814611216,0.4351405319458823,-2.45633675043233,0,0,B,-0.22457233034567528
72,2015,0.27794883855735075,0.4700535383430843,0.815353548867798,-1.50599257465901,0,0,B,-0.22457233034567528
72,2016,0.7579878771514494,0.5597436591588439,1.1455440959632435,0.6634150249847177,0,1,B,-0.22457233034567528
72,2017,1.9216504177836953,1.6243867143546953,2.3939623208689293,-0.2608093336601182,0,1,B,-0.22457233034567528
72,2018,0.2906168365425068,0.7496345678251068,-0.15249196432640866,-0.0017027523562562921,0,1,B,-0.22457233034567528
72,2019,-0.24990952938699051,0.05647460717046743,0.15693900825660684,0.03883085686921131,0,1,B,-0.22457233034567528
72,2020,0.2796528310017332,-0.5759162097666933,-1.4314116854239614,0.7014718673074467,0,1,B,-0.22457233034567528
72,2021,-1.1198371804830538,-1.1732243587580133,-0.5227049278682637,-0.5576097567919427,0,1,B,-0.22457233034567528
73,2010,-1.7377183203823998,-0.7501501760367277,-0.30899057487828313,-0.5807061578151484,0,0,A,-0.7305743802545878
73,2011,0.7527667544304273,0.7817064035974013,2.1258387324643615,0.5902749773282111,0,0,A,-0.7305743802545878
73,2012,0.5998308272417666,0.12256135455721362,1.2399279236624017,0.41013003915494256,0,0,A,-0.7305743802545878
73,2013,2.219120622579786,0.7239867017072286,2.504690628786378,0.3057210440402605,0,0,A,-0.7305743802545878
73,2014,0.22099658145204426,-0.23808626495677854,1.208297035211944,0.3268572955077235,0,0,A,-0.7305743802545878
73,2015,-0.7449902295087202,-0.20204857556705919,1.0552156872717873,-0.23565014700571413,0,0,A,-0.7305743802545878
73,2017,-0.5181707877259227,-1.0645217541405125,0.2997326306558829,-0.8547566598627744,0,1,A,-0.7305743802545878
73,2018,0.5072182184520047,-0.33922822099330263,0.477942292694268,-0.32212230686430987,0,1,A,-0.7305743802545878
73,2019,0.03151655430624596,-0.44400829297919286,-0.2619707703033483,1.6840462938813128,0,1,A,-0.7305743802545878
73,2020,0.9016830441358292,-1.172872331467296,1.1742899114999372,-0.9848915109077279,0,1,A,-0.7305743802545878
73,2021,1.1872821180953144,-1.4978467125897206,0.2521179839097269,1.3912141920939474,0,1,A,-0.7305743802545878
74,2010,-0.5640945180135912,-1.202964770812087,-0.32448239331816936,-1.625543472663313,0,0,B,-0.41268784005042203
74,2011,0.7474268779766159,0.39173929519272843,1.51576049197171,-1.303655295004982,0,0,B,-0.41268784005042203
74,2012,1.0329208575728455,1.1996883408448542,2.3539502960416736,-0.7460858439504857,0,0,B,-0.41268784005042203
74,2013,0.27827003034014086,1.3490452315434784,1.3136521205784262,-0.35598014323687815,0,0,B,-0.41268784005042203
74,2015,-0.13630381013204249,-1.628715552940493,-0.6459942563075134,0.6406988275668232,0,0,B,-0.41268784005042203
74,2016,0.6105394868123631,-0.06511688560174994,0.9832677108178206,-0.1636191557260035,0,1,B,-0.41268784005042203
74,2017,1.0700550988635993,0.38472573633557416,0.010833903665864104,-0.8075925616955477,0,1,B,-0.41268784005042203
74,2018,1.6825172554466499,-0.10444273391317072,0.3333998549322639,0.5328893242768423,0,1,B,-0.41268784005042203
74,2019,0.07984810693622535,-0.621918826816507,0.2755149150819414,-0.43379117795443173,0,1,B,-0.41268784005042203
74,2020,1.4007075187696594,0.7608678355225216,0.7964301545051932,0.13048735968945357,0,1,B,-0.41268784005042203
74,2021,1.0837136023386689,-0.9780359545508518,-0.17642543717490247,-0.7399465847124256,0,1,B,-0.41268784005042203
75,2010,0.10342114877400976,1.9208764514246521,1.7966755914494243,0.9977550705964974,0,0,A,-0.4072010521633836
75,2011,-0.7436928979059689,1.3437490842532893,0.6030557631880471,-0.09856631716134324,0,0,A,-0.4072010521633836
75,2013,-0.3430996732081185,-0.9872812949800025,-0.5943314428762119,-1.4488057250347213,0,0,A,-0.4072010521633836
75,2014,-1.8343809893985392,-1.6213837552908656,-1.3161174067703925,0.6174833931456214,0,0,A,-0.4072010521633836
75,2015,-0.03749763022983724,-0.44204401984075314,-0.22863931752058153,0.7003662119813558,0,0,A,-0.4072010521633836
75,2016,0.4798172220257889,-0.06742334230775143,0.8230089386781808,1.5225407782454656,0,1,A,-0.4072010521633836
75,2017,-0.2855019745949907,-0.05260413499772676,0.2337898202762019,-0.6490052002285347,0,1,A,-0.4072010521633836
75,2018,0.014391368667236726,-1.7341279999444068,-0.1801249015380821,-1.6458188975206616,0,1,A,-0.4072010521633836
75,2019,-1.2443643190766163,-3.645747885184767,-1.7852177412432615,-0.2609815007554826,0,1,A,-0.4072010521633836
75,2020,-0.8897870144502793,-1.7190627792607016,-0.18034826718695998,1.3220867657461972,0,1,A,-0.4072010521633836
75,2021,1.8555159887513237,-1.0366990237386893,0.30295956075568875,0.48614487399123574,0,1,A,-0.4072010521633836
76,2010,0.2964187939845898,0.6355124968860795,-0.10201390769190381,0.251534003058654,0,0,B,0.7330821620001942
76,2011,0.682817830386089,2.0576870914091856,0.5252738812297796,-0.8833221380117916,0,0,B,0.7330821620001942
76,2012,-0.009698347993090661,2.729877833455832,-0.2598421418068459,0.9918326154538808,0,0,B,0.7330821620001942
76,2013,0.9522587766982307,2.8744719346210976,0.25284480345841165,1.9821375099754868,0,0,B,0.7330821620001942
76,2014,0.43461783625422784,1.418128477071503,-0.8935378893594834,-0.3533091914543216,0,0,B,0.7330821620001942
76,2015,1.2937366426671553,2.0714176542277887,0.3112566287986542,-0.5759521631601473,0,0,B,0.7330821620001942
76,2016,1.9706374552528794,1.8358428648201253,0.08753281244686288,-0.4138877032170723,0,1,B,0.7330821620001942
76,2017,1.3229218441909205,2.0273713693692152,0.4380854475958097,-1.1549167809262428,0,1,B,0.7330821620001942
76,2018,0.03457036528954649,1.4403062635920536,-1.1030196420444183,-1.0904159085189062,0,1,B,0.7330821620001942
76,2019,0.8552715527180802,1.4090441262493054,-1.0366337824268752,2.0952675566371632,0,1,B,0.7330821620001942
76,2020,0.565854358828412,1.5572390572531754,-0.5857171353186795,0.1247919169714271,0,1,B,0.7330821620001942
76,2021,1.1900776985815213,1.7303743599649102,-0.6162725358677784,-0.03769336714649515,0,1,B,0.7330821620001942
77,2010,-2.532409700412039,-2.295719028380215,-1.2483283712734405,-1.5042383455517068,0,0,A,-0.7043523747148527
77,2011,0.2111228902284045,-1.796957681253665,1.3261041096540775,-0.384887459676044,0,0,A,-0.7043523747148527
77,2012,-0.13850274116759226,-1.7206285252538973,0.6447733358043051,-0.002692470771718933,0,0,A,-0.7043523747148527
77,2013,-1.6130540160220939,-2.540852183701898,-1.6136502186850799,-1.1077653927071358,0,0,A,-0.7043523747148527
77,2014,-0.45657969273761617,-2.1905269379205152,0.0019474384545371125,0.9928300103611122,0,0,A,-0.7043523747148527
77,2015,0.02417533073586879,-0.6839613224998929,0.6118214428842598,-0.22963948508861837,0,0,A,-0.7043523747148527
77,2017,-0.9959330335230538,-2.355723834231747,-1.4500755009470052,-1.4600657855732295,0,1,A,-0.7043523747148527
77,2018,1.6013740896109323,0.3614626405607349,1.9929283940900069,0.8946272468127893,0,1,A,-0.7043523747148527
77,2019,-1.2250901300717998,-0.3701187751710018,-0.6293019153007212,0.6387883001504462,0,1,A,-0.7043523747148527
77,2020,1.1626396009533304,0.48977107797843533,0.9239176894896166,0.7806814410610111,0,1,A,-0.7043523747148527
77,2021,0.761248082340835,-0.6768011963082871,-0.07379841013863031,1.6259801608990792,0,1,A,-0.7043523747148527
78,2010,0.2623781627812366,-0.7821477119833563,0.2823085856908972,-0.17865768682272,0,0,B,-0.05622443655856848
78,2011,0.3442583580840143,-0.19127548145953716,-0.3267066958468402,0.041157462142855136,0,0,B,-0.05622443655856848
78,2012,1.1138683416978092,1.1035750655856749,-0.3320939084494953,1.9211904869253242,0,0,B,-0.05622443655856848
78,2013,0.7672914597230702,1.887999957797602,0.9761355315919896,0.30155518946529497,0,0,B,-0.05622443655856848
78,2014,-0.08311287575838855,1.2024294356394607,-0.13225072126519155,0.7171581506078301,0,0,B,-0.05622443655856848
78,2015,1.4223672328231671,1.452800988684369,1.3871171142345617,-0.041564016990467474,0,0,B,-0.05622443655856848
78,2016,1.7188034140715236,2.415454904595445,1.7824483843291827,-0.46230534962974607,0,1,B,-0.05622443655856848
78,2017,-0.32264839525415256,-0.10706154276571536,-1.4793130340458858,-0.2970622112161674,0,1,B,-0.05622443655856848
78,2018,0.4019179207164832,-0.3052385546770999,-1.422317145846014,2.9443033132453116,0,1,B,-0.05622443655856848
78,2019,0.6933747819358764,1.1946658471886658,0.7397508907691875,-1.0205082106887786,0,1,B,-0.05622443655856848
78,2020,1.053491164360208,0.24605152056921709,0.9038511988768647,0.816868860492582,0,1,B,-0.05622443655856848
78,2021,1.5633460384446884,0.7012835118864125,0.7089880379910397,0.6282277757848259,0,1,B,-0.05622443655856848
79,2010,0.4168174844673277,1.681840232929714,0.22707308928602815,0.05021990916425606,0,0,A,0.02512377281797163
79,2011,1.3954320756406797,2.0574093367956183,1.7888904308530977,0.0160541787164269,0,0,A,0.02512377281797163
79,2012,0.15032575304540588,0.41610851851736597,-0.13790660017786582,-0.4051324117948471,0,0,A,0.02512377281797163
79,2013,1.8729256077654837,0.5752052030650133,0.732841207988681,1.8520163599601722,0,0,A,0.02512377281797163
79,2014,-0.6101584112589624,-0.03795560343747045,-0.017425649962767877,-1.055244015725776,0,0,A,0.02512377281797163
79,2015,0.050396856277368375,-0.3626406194576621,-0.46417676900923904,-0.17004881550195156,0,0,A,0.02512377281797163
79,2016,2.1567296993039413,0.44419906233455764,0.5986096597633206,1.446055547565076,0,1,A,0.02512377281797163
79,2017,1.5814391199773565,0.8186504189095515,0.6352421445563264,0.3937098191923943,0,1,A,0.02512377281797163
79,2018,0.38424012436280675,0.8801498378373582,0.40092056647392793,1.9789514817014853,0,1,A,0.02512377281797163
79,2019,1.5989638632892775,0.6260847858943962,0.9091582175635495,0.7168975936969377,0,1,A,0.02512377281797163
79,2021,1.2173443690660515,1.1304964188612896,0.37379698568445424,1.8937124431724606,0,1,A,0.02512377281797163
80,2010,-0.07594454328547945,-0.8325392655486958,-0.664847531794558,0.17954700659747067,0,0,B,0.1073365260586572
80,2011,-0.1422218367129814,0.04625771451732441,-0.24344233149876163,-0.8738461287390291,0,0,B,0.1073365260586572
80,2012,0.1234553398333057,0.1936802578842025,-0.6456304544989058,-0.36385257083820455,0,0,B,0.1073365260586572
80,2013,0.6430933043384891,-1.648164687146285,-0.2370250405757202,-0.9060556151906325,0,0,B,0.1073365260586572
80,2014,0.8357200934214613,0.37449897821079914,-0.7296484827244488,0.5896874044628913,0,0,B,0.1073365260586572
80,2015,1.0624850114132467,0.27759083091155135,-0.1420666246907964,1.2708985581942527,0,0,B,0.1073365260586572
80,2016,-0.08404308750925402,-0.5147134302990954,-1.017722549929704,-0.32920751252649294,0,1,B,0.1073365260586572
80,2017,1.3994168676830951,1.9460189036958262,1.9377517123481176,-0.6303227109148782,0,1,B,0.1073365260586572
80,2018,-0.4654714944400045,0.23160298155327486,-1.1329094536744098,0.5716988712571506,0,1,B,0.1073365260586572
80,2019,1.8760299118927883,1.6906818986609755,0.5237792674691931,0.5056417449526596,0,1,B,0.1073365260586572
80,2020,2.194783884686837,0.2582795248657723,0.7211065997256236,-0.3178752534755266,0,1,B,0.1073365260586572
81,2010,1.202737083839251,0.762674124029544,0.2566213939564671,1.7398180798724154,0,0,A,-0.05296065158256992
81,2012,0.38544643175225657,0.49848142719731764,0.4149340752818743,0.7267249488090913,0,0,A,-0.05296065158256992
81,2013,0.9387490470049668,1.0974187760006877,0.7311546081501474,0.926879749364469,0,0,A,-0.05296065158256992
81,2014,0.035510636415572394,0.16359293264932834,0.2657322091398377,-0.8898175497654829,0,0,A,-0.05296065158256992
81,2015,0.26745098502530096,-1.053844212783587,-0.002469793058154648,-2.0119546592573605,0,0,A,-0.05296065158256992
81,2016,1.5217763272148277,0.18252986292959222,1.22048656602774,-0.8288838189718746,0,1,A,-0.05296065158256992
81,2017,1.318744545880642,0.8055631743400298,1.6750243404114924,-0.1781177053274479,0,1,A,-0.05296065158256992
81,2018,1.9023761254655196,1.6554706854502617,1.4000031383247076,0.7332952428805855,0,1,A,-0.05296065158256992
81,2019,0.38358936337858723,1.5083063797621188,-0.9346403280190777,2.4698127353608568,0,1,A,-0.05296065158256992
81,2021,1.1302065754429809,0.24521363543769464,0.32213899447907457,-1.9721402455371269,0,1,A,-0.05296065158256992
82,2010,0.3238206070255701,-0.4889580723903258,0.37409197672428335,-0.6235080829967085,0,0,B,-0.04422744994645838
82,2011,-0.713101612801442,-0.45021751161695633,-1.4139755894623671,1.0503553479621235,0,0,B,-0.04422744994645838
82,2012,-0.36373555232381494,-0.9259311328364932,0.1758525589665982,-0.5668541849132077,0,0,B,-0.04422744994645838
82,2013,-0.08698541109031194,-0.9330827386552001,-0.6465714931485772,0.2010340555627788,0,0,B,-0.04422744994645838
82,2016,-0.16153374644542784,0.217041688077949,0.2818912273342845,-0.16325853593970394,0,1,B,-0.04422744994645838
82,2018,1.2594616982903453,-0.12618057169208508,-0.13219649923719143,1.495296364155506,0,1,B,-0.04422744994645838
82,2019,1.3642103598566464,0.4926381019224124,-0.1468013059465352,1.2126857484673286,0,1,B,-0.04422744994645838
82,2020,1.1560157537584441,1.092378033189399,0.017036597999327097,-0.46692137036729264,0,1,B,-0.04422744994645838
82,2021,0.7921398546492607,1.1668020708744473,-0.5929039879093695,0.7780922184107482,0,1,B,-0.04422744994645838
83,2011,-1.744858194706533,-1.5206947461761557,-0.5077234354969576,-0.0006402413716507126,0,0,A,-1.1087629683387685
83,2012,-2.079382258969286,-1.5889244522403727,-0.48820705237468304,-0.5977707242185724,0,0,A,-1.1087629683387685
83,2013,-0.0805521551093209,-1.6371627954367967,0.7764062734877643,-1.0557972069289596,0,0,A,-1.1087629683387685
83,2014,-1.0609889772015701,-2.22310554904203,0.38250652527732515,-1.3134988129397247,0,0,A,-1.1087629683387685
83,2015,0.6172219414266028,-1.7732068897855768,0.9749306201531903,-0.40732782767300296,0,0,A,-1.1087629683387685
83,2016,-1.1186566958979254,-1.7505106343301644,-0.10779996797909958,-0.570902178059611,0,1,A,-1.1087629683387685
83,2017,-1.734688055968382,-2.519835390514184,-0.7382979577100418,-1.219567410649144,0,1,A,-1.1087629683387685
83,2018,-0.18962278375344088,-1.6511108695288135,-0.2326720952456418,-0.3549834878081358,0,1,A,-1.1087629683387685
83,2020,-0.7462779341727223,-2.1882380375151573,-0.08126623924752814,-1.3077675467292265,0,1,A,-1.1087629683387685
83,2021,-0.6034312223335656,-2.389342310385601,-0.7105572541185096,-0.5269978300272729,0,1,A,-1.1087629683387685
84,2010,-0.48392580582498124,-0.40558611996202076,0.06581043088260126,-1.7996201708549642,0,0,B,-0.11723286897221505
84,2011,0.06777264188877807,-1.2942306691264722,-0.3957550226169767,-0.3420176961638287,0,0,B,-0.11723286897221505
84,2013,-0.3087086699735204,-1.1589868008743123,-0.1511002653646032,0.9474050142692477,0,0,B,-0.11723286897221505
84,2014,1.7000422027162523,0.7341350235849947,0.5159505475231968,1.4693684031405465,0,0,B,-0.11723286897221505
84,2015,1.1873223527431758,0.9363005081611966,0.82168291175077,0.7456986542224512,0,0,B,-0.11723286897221505
84,2016,2.1204246098517885,1.754777359917284,1.664335583818723,-0.5020231791600757,0,1,B,-0.11723286897221505
84,2019,1.410671609393592,0.2129277577879515,-0.1210189663186763,-0.041277709515668976,0,1,B,-0.11723286897221505
84,2020,0.8322750507030352,0.6544874102514391,0.051026377356090974,0.31832194711220346,0,1,B,-0.11723286897221505
84,2021,0.903411459709103,-0.416962108403497,0.20152996402470863,-1.4291682002516117,0,1,B,-0.11723286897221505
85,2010,-0.1612463929496696,-1.3523814802551124,0.48458087081175305,-0.9227089268560497,0,0,A,-0.1385732050989803
85,2011,-0.8472914096355578,-0.923495180070822,-0.5338292332651753,-1.0951500563307937,0,0,A,-0.1385732050989803
85,2012,0.25185479429239255,-0.309137304121297,0.24592680731882322,-1.4197467471393845,0,0,A,-0.1385732050989803
85,2013,-1.8219498694483955,-1.555712227008623,-2.2309871874037155,-1.4926390445533697,0,0,A,-0.1385732050989803
85,2015,0.9504168382774563,0.9072843431612437,0.14878172417225363,0.600736555971503,0,0,A,-0.1385732050989803
85,2016,0.003233413991524492,0.20616221160618986,-0.15762717799612053,0.018180002912129175,0,1,A,-0.1385732050989803
85,2017,1.5986809644682598,1.4307992979775945,0.5310394516452508,1.525642181116431,0,1,A,-0.1385732050989803
85,2018,-0.43674006196926074,0.967495696371967,-0.8493663073384107,1.1849394748988187,0,1,A,-0.1385732050989803
85,2019,-0.45735533620301305,-0.19216559457552657,-1.194037113553083,0.3437767864240523,0,1,A,-0.1385732050989803
85,2020,-1.5786219413154972,-1.5530598806989357,-1.7642166738175489,-0.3321069560351126,0,1,A,-0.1385732050989803
86,2010,-0.13079467235888576,0.6545073196432264,-0.7399701711689032,0.3534319345141622,0,0,B,0.1810076755406052
86,2011,-1.1378504189623952,-0.3526019170223675,-1.8772833026454998,-0.4727731339692978,0,0,B,0.1810076755406052
86,2012,-1.458187568046455,-0.7518443392146149,-1.2995480541460507,-0.9318718278059832,0,0,B,0.1810076755406052
86,2013,2.3652940979982633,1.0652185614125753,0.3141319360812276,1.1816191239032012,0,0,B,0.1810076755406052
86,2014,-0.19501444053654227,1.1591740157182655,-0.10225017864691206,-0.3369422989187766,0,0,B,0.1810076755406052
86,2015,0.2565713349454048,1.6739090013386075,-0.05648808681227378,-0.0803953270147225,0,0,B,0.1810076755406052
86,2016,2.872318661980389,1.9851325985628951,2.108743577894221,-0.06987480854845222,0,1,B,0.1810076755406052
86,2017,0.23000959584218023,0.5893818807745645,-0.6077543896693458,1.129273054006076,0,1,B,0.1810076755406052
86,2019,2.8032921970462645,1.4980518515090075,0.5243650758765658,-0.07767152663254816,0,1,B,0.1810076755406052
86,2020,-0.8557489649342382,-0.5059186045606039,-2.146111658071828,-0.39602962457493346,0,1,B,0.1810076755406052
86,2021,0.8602122553149907,0.6159691679781145,0.8279455508598583,1.272578096894415,0,1,B,0.1810076755406052
87,2010,0.399295376618537,0.14046723843301823,0.8017713500697795,-0.4376839077498098,0,0,A,-0.25022518572042435
87,2011,-0.06449569879348271,-0.0966126359052554,0.4568049575512299,0.4847582184324179,0,0,A,-0.25022518572042435
87,2012,-0.6939391280429195,-0.7871823362121482,-0.5531872458592696,-0.20648664534809652,0,0,A,-0.25022518572042435
87,2013,0.5719966876719651,-1.8937754629377475,-0.34349829882566946,-1.8567721295604946,0,0,A,-0.25022518572042435
87,2014,1.1676774356668806,0.15618563527977591,0.3496631209309432,0.4117235220993655,0,0,A,-0.25022518572042435
87,2015,0.391852945413547,0.3228936814530717,1.5308068019435113,-0.9117414305629948,0,0,A,-0.25022518572042435
87,2016,0.7108641328515831,-0.5769424517088757,-0.3909310157189069,-0.0826050470124381,0,1,A,-0.25022518572042435
87,2017,0.23602273538445884,0.8467903634560083,0.4714861013229484,1.8183769794734828,0,1,A,-0.25022518572042435
87,2018,-1.6123582524545397,-0.9444498919373754,-2.5097278714526565,0.523587068802789,0,1,A,-0.25022518572042435
87,2019,0.30326624427034493,0.21250885751778864,0.2074161010977126,-0.07903102545858968,0,1,A,-0.25022518572042435
87,2021,-0.7589377764559359,-0.5332325190753497,-0.35247100277592275,-1.295233090296845,0,1,A,-0.25022518572042435
88,2010,0.44223679174616404,0.38520546183868276,-0.6717323551424205,1.4177613991949336,0,0,B,0.5070309955823415
88,2011,1.422924337837202,1.8191473582684092,1.530393957174157,0.5967099628655841,0,0,B,0.5070309955823415
88,2013,-0.06498928722861388,1.3929419274495123,-1.1225520487553624,0.8926993917199599,0,0,B,0.5070309955823415
88,2014,2.379617855317247,1.6553498383109961,1.3506551388220769,0.49285999459746743,0,0,B,0.5070309955823415
88,2015,0.4787573141676564,0.8939303172435684,-0.30912927758550185,1.1600103290149717,0,0,B,0.5070309955823415
88,2016,1.1600845805836326,0.8281566718175036,0.2781266916712864,2.6872578470469675,0,1,B,0.5070309955823415
88,2017,1.0824249385102476,1.2478689737507453,0.2373481913489818,0.09765493874825686,0,1,B,0.5070309955823415
88,2018,-0.7595135924866844,0.8500802017570979,-1.9149533573069781,1.791426705822036,0,1,B,0.5070309955823415
88,2019,1.9587092204521293,3.1011955367692683,1.1980374511982552,1.0461630015812657,0,1,B,0.5070309955823415
88,2020,0.39887432574362136,1.3931564745474472,-0.19310190979996641,-0.8953350710085283,0,1,B,0.5070309955823415
88,2021,0.25381910481060355,0.9013823321309595,-0.21012428660637208,-0.1753502091254757,0,1,B,0.5070309955823415
89,2010,-0.7018536969374091,0.26439432247583483,0.39293717039155374,-1.9367186105962984,0,0,A,-0.1508189063699444
89,2011,-0.3931082179587235,1.2565783391712082,0.7658997701277722,-0.0645745929348383,0,0,A,-0.1508189063699444
89,2012,0.3791426690461788,1.3083331110286558,0.6264724041554709,0.8501783012775284,0,0,A,-0.1508189063699444
89,2013,1.0195559477476108,1.2350939930808464,0.8714591229198385,0.9754207415479831,0,0,A,-0.1508189063699444
89,2015,0.17227275263153494,1.0007875913742246,0.6131504289744983,-1.6018998707282108,0,0,A,-0.1508189063699444
89,2017,0.7310977119744522,0.015970127357077868,0.46023032552777837,-0.2012870306889895,0,1,A,-0.1508189063699444
89,2018,-0.6091417158648189,-0.14593024107372293,-1.108272653625473,0.47519439146720915,0,1,A,-0.1508189063699444
89,2019,-0.12481946025067536,-0.5314860044130673,0.39356034126160505,-2.803564094024331,0,1,A,-0.1508189063699444
89,2021,0.722510411116363,-0.10902139812364314,0.40333573623969976,-0.4455557673830028,0,1,A,-0.1508189063699444
90,2010,1.0698396337904303,1.5991475588449402,0.6830125828614777,-0.4829132779921178,0,0,B,0.525911089638795
90,2011,0.2900880521990639,0.43393129666348207,-1.4193200031540112,0.2442605671925524,0,0,B,0.525911089638795
90,2012,0.2510858327943877,-0.6636475842293683,-0.21885156890452742,-0.6835695339436964,0,0,B,0.525911089638795
90,2013,-0.24603691462539445,0.38883535006921155,0.09927359188749625,1.4921841211200293,0,0,B,0.525911089638795
90,2014,-0.8622235911805272,0.28720895507610794,-1.2188971078233641,-0.9245617563825906,0,0,B,0.525911089638795
90,2015,1.1510234085830275,0.791000491279759,0.43931808988896814,-0.07979426954225168,0,0,B,0.525911089638795
90,2016,0.4093813992254517,0.8356923943092515,0.13322335112297198,-0.23829499544889307,0,1,B,0.525911089638795
90,2018,2.0151392469899028,1.098247206689088,0.22199988435633275,-0.6025534451624002,0,1,B,0.525911089638795
90,2020,1.913087372817424,2.928133891154881,1.39520010049973,-0.5881376588898418,0,1,B,0.525911089638795
90,2021,2.609692669794022,1.5264846833432117,0.3951902356414782,-1.6980811806380656,0,1,B,0.525911089638795
91,2010,0.38638639126755436,1.5700905723313487,-1.1015601036471687,-1.0348062969395166,0,0,A,0.9716970156886551
91,2011,1.445290279439989,1.888794044215087,-0.3568750815196496,-0.34102776912229443,0,0,A,0.9716970156886551
91,2012,1.563769998148502,2.054687769019707,-0.09742092019501487,0.9260033513833743,0,0,A,0.9716970156886551
91,2013,-0.31853800737891713,0.01124378348006183,-1.0213940516177777,-1.6062332772572336,0,0,A,0.9716970156886551
91,2014,1.9334611079585358,0.3812454058299819,0.04205453825117137,0.4597474070333015,0,0,A,0.9716970156886551
91,2015,-0.49231102620831757,0.4328770489284123,-0.9700516053413754,-0.3227176401202725,0,0,A,0.9716970156886551
91,2016,1.0957310894144925,0.9783190141163461,0.021242747970721912,-0.1805295303158051,0,1,A,0.9716970156886551
91,2017,1.628782248922024,0.9421350038931495,-0.791601935884005,0.9307756435489958,0,1,A,0.9716970156886551
91,2018,1.9301266985313776,1.7884560265371856,0.7379908723342345,0.15966073899344158,0,1,A,0.9716970156886551
91,2019,2.1526024424773107,1.8519218185533133,-0.5654788176505318,0.6486674212157892,0,1,A,0.9716970156886551
91,2021,1.5303015646898817,2.4697027983558364,0.1676555147668423,-0.996471951198505,0,1,A,0.9716970156886551
92,2010,-0.6314946424949133,-1.9349648058393232,0.6637471663777595,1.757243220037537,0,0,B,-1.3285752031973919
92,2011,0.03898374153334078,-1.8235974283190632,0.8402748095409188,0.6753900669869748,0,0,B,-1.3285752031973919
92,2012,-2.1273198304459418,-2.6984471602102955,-1.2302149008479426,1.0403254099129904,0,0,B,-1.3285752031973919
92,2013,-1.1789028789016904,-3.811710270910477,-0.6435134638229535,0.4059735072781149,0,0,B,-1.3285752031973919
92,2014,-1.7916295413458063,-4.1754732841299695,-1.8514954743674377,0.5444750954899225,0,0,B,-1.3285752031973919
92,2015,0.2184834726033138,-3.7001041807212696,0.09382931546673101,-0.7568636714332067,0,0,B,-1.3285752031973919
92,2016,-2.2429976758578523,-3.248761096217718,-0.6694314503992241,-0.9232498609117741,0,1,B,-1.3285752031973919
92,2017,-0.8789285901531838,-2.622636801657761,-0.44145674355082826,0.4912343709451079,0,1,B,-1.3285752031973919
92,2018,-1.2231141522037325,-2.2747410987928767,0.5457253900724482,-0.32067135645392714,0,1,B,-1.3285752031973919
92,2019,-1.1244368834074723,-0.5229020522993182,0.303968510610791,0.5354281527042043,0,1,B,-1.3285752031973919
92,2020,0.8366987439608835,-1.204507480761312,1.2146700507085713,0.5364371057446173,0,1,B,-1.3285752031973919
92,2021,1.366422521917483,-1.0509469480380615,2.093099906510609,1.093659093515501,0,1,B,-1.3285752031973919
93,2010,1.0376702103427005,1.9302725767719209,0.4149812103631986,-0.8689481548689318,0,0,A,0.4420021798668866
93,2011,-0.03235078938220676,0.7146713165027045,-0.558644240280227,1.3835562683108256,0,0,A,0.4420021798668866
93,2013,-0.18543250151752727,-1.0140562554737247,-1.5534346519751208,-0.21347821015301457,0,0,A,0.4420021798668866
93,2014,1.7166581842069606,-0.38027313076559494,-0.07112032305545304,1.2897449457132562,0,0,A,0.4420021798668866
93,2015,0.5671705465967354,0.2496998967111647,-0.5674592969946911,0.2309957225198192,0,0,A,0.4420021798668866
93,2016,1.2395841284739142,-0.7089095178323401,-0.7607780121211011,-0.4059650198937645,0,1,A,0.4420021798668866
93,2017,0.7199346130724318,-0.5707957143811769,-0.16134479618106995,-0.29989217027699755,0,1,A,0.4420021798668866
93,2018,1.3515715431295936,1.1973139064409486,0.8115307293276554,1.6607430493843263,0,1,A,0.4420021798668866
93,2019,1.784444734196658,0.8150291656570068,1.0546795280671224,-1.9462642238378882,0,1,A,0.4420021798668866
93,2020,1.0847086350775532,0.7031712301152606,-0.16087089018914053,1.5002674961477653,0,1,A,0.4420021798668866
93,2021,0.21415932937754167,-0.11578558706064723,-2.6206725598947336,-0.5668597774109242,0,1,A,0.4420021798668866
94,2010,1.2172980666581614,2.3539723306583236,1.4854635080247354,-0.622512615785185,0,0,B,0.20620068567973998
94,2011,2.238482096137589,1.6910553262433137,0.8864243330909939,0.9549404762393747,0,0,B,0.20620068567973998
94,2012,0.5803367022627018,0.8471403885295868,0.7055722617626166,0.15829058709634566,0,0,B,0.20620068567973998
94,2013,0.22809372718534165,-0.6011194484557828,-0.3532981738821731,-0.4751097435828018,0,0,B,0.20620068567973998
94,2014,1.4913566458322687,1.3450115680754788,1.8424853296842412,1.3161511087083373,0,0,B,0.20620068567973998
94,2015,1.4981045875751233,2.359015488244129,0.7004519886405342,3.2777303859896496,0,0,B,0.20620068567973998
94,2016,-0.9189442900888305,1.4331311310235693,-1.2072217713063644,-0.3231833858200296,0,1,B,0.20620068567973998
94,2017,1.8615698344272311,1.2749491259479722,0.48141146730957024,1.0332397235977095,0,1,B,0.20620068567973998
94,2018,1.5400962428872678,0.1597620930133158,-0.46892534139694125,1.0792945168301165,0,1,B,0.20620068567973998
94,2019,1.6523619563302994,0.6433920883669105,0.914767594082405,-2.300005787032111,0,1,B,0.20620068567973998
94,2020,1.0109229205499335,0.6426938580074855,0.6196247606732351,-1.2775270293828762,0,1,B,0.20620068567973998
94,2021,1.1236941399670242,0.7382401485492696,-0.4271850956190491,0.8912402089252646,0,1,B,0.20620068567973998
95,2010,-0.136980498945537,-0.14612752517807343,0.6123334469530688,0.8000026489761656,0,0,A,-0.7455381448264068
95,2011,-0.13005693310852773,-0.9359288548418024,0.7280320880122619,1.6154742227689616,0,0,A,-0.7455381448264068
95,2012,0.09374476577239906,-1.8415773811701681,0.42283960432310574,1.223754641792163,0,0,A,-0.7455381448264068
95,2014,0.32890035105526727,-2.02180219514703,0.8767060067347086,-0.41921524734300336,0,0,A,-0.7455381448264068
95,2015,-0.26238185393049296,-0.8153191824995305,0.4658610561319059,-0.36093028741905003,0,0,A,-0.7455381448264068
95,2016,0.874698173142662,-0.8380733889592349,0.9309353127311766,-0.195014147921969,0,1,A,-0.7455381448264068
95,2017,-1.0530323625243292,-1.321439851930086,-0.0829950074234945,-0.7435261706705756,0,1,A,-0.7455381448264068
95,2018,1.3977977272247872,0.2595909051640347,1.5420480656447766,0.5769029376649952,0,1,A,-0.7455381448264068
95,2019,-1.6911648017194856,-1.723600823894155,-2.3730302167077335,0.39255053627071446,0,1,A,-0.7455381448264068
95,2020,-0.5977650002644568,-1.3049408821351678,0.31968432187107876,-0.16561140688757722,0,1,A,-0.7455381448264068
95,2021,1.5479754078005936,0.0688056818076311,1.5423936448958084,0.5397199275972455,0,1,A,-0.7455381448264068
96,2010,0.9566088622475297,-0.12585526863734717,-0.27808065309084495,-0.7107035528604861,0,0,B,0.47342526705229027
96,2011,1.0803572876295795,1.8166762975178388,0.5030416240635516,-0.08262866604579874,0,0,B,0.47342526705229027
96,2012,-0.04319951455660158,0.7156234672492598,-0.5823743256881126,-1.2996904276685357,0,0,B,0.47342526705229027
96,2013,1.03484419451002,-0.29681192169950343,0.1254254370794804,0.07671913844017554,0,0,B,0.47342526705229027
96,2014,1.530412078582232,1.2523378799091076,0.27171528661647915,-0.5874384784475225,0,0,B,0.47342526705229027
96,2015,1.515878817586621,1.9958939636162056,0.7655728150269192,-0.32880579240906116,0,0,B,0.47342526705229027
96,2016,-0.19390510957174906,-0.25507198952499216,-1.6885175833668136,-0.7006427687619472,0,1,B,0.47342526705229027
96,2017,-0.17034810740536005,-0.17541150279787496,-0.7176916629643891,-1.3704913729991035,0,1,B,0.47342526705229027
96,2018,0.22714041643255733,-0.893092430415732,-0.844256403220115,-1.826030778102123,0,1,B,0.47342526705229027
96,2019,2.0581429811907164,0.39403111157911586,0.39599122250704494,-0.0761713237525036,0,1,B,0.47342526705229027
96,2020,0.7886575653138035,-0.67008643824805,-0.43247170496034093,-1.8863918967164774,0,1,B,0.47342526705229027
96,2021,2.397157440742844,2.4753571726418557,1.9266525662175016,-0.39894059769570994,0,1,B,0.47342526705229027
97,2010,0.7477130078618023,1.4429218171635447,-0.022903235553846477,-1.0446682746676363,0,0,A,0.6907088608650259
97,2012,-0.1371518534456887,0.6080079842770542,-0.9577147163211301,-1.025362554949812,0,0,A,0.6907088608650259
97,2013,-0.8483507024107457,-0.5069688166881041,-2.3690899235590264,0.40683832715653256,0,0,A,0.6907088608650259
97,2014,0.5864094456129842,1.7187852228863183,0.2528198460031959,-1.0441794989314572,0,0,A,0.6907088608650259
97,2015,1.5892261230556226,1.3028268017113511,0.3964902320008613,-0.4915091113942551,0,0,A,0.6907088608650259
97,2018,0.9478126567692398,0.2672118856438601,-0.47358029267648866,-0.5959737364121398,0,1,A,0.6907088608650259
97,2019,1.885087288279979,1.9140838263553492,0.4786301597248133,-0.1906944512378117,0,1,A,0.6907088608650259
97,2020,0.9651107178821986,1.080311678400752,-1.0203546422293837,0.6747859349298961,0,1,A,0.6907088608650259
97,2021,1.7130083177292783,2.0866211620505397,0.6710471601897596,1.0025477838360544,0,1,A,0.6907088608650259
98,2010,-0.8948639480665251,-1.08742281166603,1.4043470618186755,0.467584219742263,0,0,B,-1.6062710794298203
98,2011,-2.2905695727487787,-2.7698045944465015,-0.049703064214864964,-0.6750519356054232,0,0,B,-1.6062710794298203
98,2012,-1.4861121392561754,-2.5574081829413204,-0.500540391295885,-0.994056881811241,0,0,B,-1.6062710794298203
98,2013,-2.0568352777302015,-3.3650036918436257,-0.8634886632507305,0.9633625835573754,0,0,B,-1.6062710794298203
98,2014,-0.608897919159717,-2.05972264890802,1.131305207139494,0.029199615654553247,0,0,B,-1.6062710794298203
98,2015,-1.7192376100859164,-3.0126996858116417,-0.4939816689983185,-0.5392929215638892,0,0,B,-1.6062710794298203
98,2016,-1.830729510580728,-2.782796491530195,-0.28215194922284254,-1.41642392680023,0,1,B,-1.6062710794298203
98,2018,-2.479400141769767,-1.798813511493569,-1.049539295394989,-0.5613309483628423,0,1,B,-1.6062710794298203
98,2019,-1.1050063060046016,-2.7079941000079173,-1.1968992924910138,1.0311661240763286,0,1,B,-1.6062710794298203
98,2020,-1.66801694713357,-2.9131586568875427,-0.9209277250841911,0.786085029081076,0,1,B,-1.6062710794298203
98,2021,-1.0031518469617113,-2.9687183682894425,-0.43166257181232925,-0.058151856995895514,0,1,B,-1.6062710794298203
99,2010,-1.0513279740065153,-0.4262611616928935,-0.0069197610087643096,0.3186218211893716,0,0,A,-0.843165952311088
99,2011,-1.059172931419267,-2.188298044067336,-0.9898618040731857,-1.2129779591446785,0,0,A,-0.843165952311088
99,2012,1.1531859651316139,0.2523417958166301,1.5793980922511208,1.6464163956685554,0,0,A,-0.843165952311088
99,2013,0.5944470322862029,0.9587466210124472,0.80108326049562,0.2263911697396942,0,0,A,-0.843165952311088
99,2014,0.05640805205619537,0.3396142280441261,0.9346409922084512,0.5003774357775072,0,0,A,-0.843165952311088
99,2015,0.5850587880940783,0.14859541325529604,0.8475600416868526,-0.4458335876778607,0,0,A,-0.843165952311088
99,2016,-0.4209824292167653,0.22270128484395108,-0.17809694317031685,1.0940782481271751,0,1,A,-0.843165952311088
99,2017,-2.383068247847416,-1.9123556484466315,-1.7613413258455533,-0.8651147623287594,0,1,A,-0.843165952311088
99,2018,0.1803109771052291,-0.9702807069717949,0.10983557274362979,-0.4133687802671327,0,1,A,-0.843165952311088
99,2019,0.38044732531060277,-0.8057202286502163,-0.39292136284293083,0.324885772343639,0,1,A,-0.843165952311088
99,2020,0.4692606473579827,-1.1901290785230274,0.20404477623902706,1.2457524328933791,0,1,A,-0.843165952311088
99,2021,0.6794583724444088,-1.44656381250839,-0.1071743224013953,0.3311327050592031,0,1,A,-0.843165952311088
